==================================================================
GPU 0: NVIDIA GeForce RTX 3060 Ti
     Multi-Processor Count: 38
     Max Threads Per Multi-Processor: 1536
     Warp Size: 32
     Max Threads Per Block: 1024
     Compute Capability: 8.6
     Number of Multi-Processors: 38
     Number of CUDA Cores Per SM: 128
     Total Number of CUDA Cores: 4864

CPU: 12th Gen Intel(R) Core(TM) i9-12900
     Number of Physical Cores: 16
     Number of Logical Cores: 24

Visual Studio: 2022 (v143), MSC_VER: 1944
CUDA Version: 12.5
==================================================================
transSetFile: ..\TransactionSets\pumsb_x256.txt
dimension: 2113
transNum: 12555776
itemIDmin: 0
itemIDmax: 7116
transLengthMin: 74
transLengthMax: 74
transLengthMean: 74

supportThreshold: 0.8

dimensionReduced: 25
transNumReduced: 12555776
transLengthReducedMin: 11
transLengthReducedMax: 25
transLengthReducedMean: 23.5179

GPUtaskPercentage: 5.99484%
==================================================================
preprocessing_time(s): 3.257
computation_time(s): 84.9543
total_time(s): 88.2113

MFIsNumber: 3145
============================List of MFIs:=============================
1th: 11 { 7062 4438 4434 4432 4430 4428 4426 188 184 180 170 }   support: 0.820862  frequency: 10306560
2th: 11 { 7062 4438 4436 4434 4432 4428 4426 188 184 180 170 }   support: 0.82076  frequency: 10305280
3th: 11 { 7062 4438 4434 4432 4428 4426 265 260 184 180 170 }   support: 0.82021  frequency: 10298368
4th: 11 { 7112 7062 4438 4436 4434 4432 4428 4426 184 180 170 }   support: 0.819802  frequency: 10293248
5th: 11 { 7112 7062 4438 4434 4432 4430 4428 4426 184 180 170 }   support: 0.819251  frequency: 10286336
6th: 11 { 7062 4940 4438 4428 4426 4404 3404 188 184 180 170 }   support: 0.818273  frequency: 10274048
7th: 10 { 7112 7062 4438 4428 4426 265 260 184 180 170 }   support: 0.81654  frequency: 10252288
8th: 9 { 7062 4438 4428 4426 188 184 180 170 17 }   support: 0.816275  frequency: 10248960
9th: 10 { 7112 7062 4438 4428 4426 4404 3404 184 180 170 }   support: 0.816213  frequency: 10248192
10th: 11 { 7092 7062 4438 4436 4434 4432 4430 4428 184 180 170 }   support: 0.815663  frequency: 10241280
11th: 11 { 7092 7062 4438 4428 4426 4404 3404 188 184 180 170 }   support: 0.815418  frequency: 10238208
12th: 11 { 7102 7062 4438 4436 4434 4432 4428 4426 184 180 170 }   support: 0.815357  frequency: 10237440
13th: 11 { 7062 4940 4438 4432 4430 4428 4426 188 184 180 170 }   support: 0.815174  frequency: 10235136
14th: 11 { 7062 4940 4438 4434 4428 4426 4404 3404 184 180 170 }   support: 0.814847  frequency: 10231040
15th: 11 { 7062 4940 4438 4436 4434 4428 4426 188 184 180 170 }   support: 0.814766  frequency: 10230016
16th: 8 { 7082 7062 4438 4436 4434 184 180 170 }   support: 0.814705  frequency: 10229248
17th: 11 { 7062 4940 4438 4434 4432 4430 4428 188 184 180 170 }   support: 0.814705  frequency: 10229248
18th: 11 { 7062 4940 4438 4432 4428 4426 4404 3404 184 180 170 }   support: 0.814623  frequency: 10228224
19th: 11 { 7062 4940 4438 4434 4428 4426 265 260 184 180 170 }   support: 0.814582  frequency: 10227712
20th: 10 { 7062 4940 4438 4436 4428 265 260 184 180 170 }   support: 0.814541  frequency: 10227200
21th: 11 { 7062 4940 4438 4432 4428 4426 265 260 184 180 170 }   support: 0.814521  frequency: 10226944
22th: 10 { 7062 4940 4438 4436 4428 4404 3404 184 180 170 }   support: 0.814378  frequency: 10225152
23th: 11 { 7092 7062 4438 4404 3404 265 260 188 184 180 170 }   support: 0.814174  frequency: 10222592
24th: 11 { 7062 4940 4438 4434 4432 4428 4404 3404 184 180 170 }   support: 0.814134  frequency: 10222080
25th: 10 { 7102 7092 7062 4940 4438 4434 4428 184 180 170 }   support: 0.814134  frequency: 10222080
26th: 11 { 7112 7062 4940 4438 4436 4434 4428 4426 184 180 170 }   support: 0.813971  frequency: 10220032
27th: 11 { 7062 4940 4438 4434 4432 4428 265 260 184 180 170 }   support: 0.813971  frequency: 10220032
28th: 10 { 7112 7062 4438 4430 4428 4426 188 184 180 170 }   support: 0.813889  frequency: 10219008
29th: 10 { 7062 4940 4438 4430 4428 4404 3404 184 180 170 }   support: 0.813828  frequency: 10218240
30th: 11 { 7062 4940 4438 4436 4434 4432 4428 188 184 180 170 }   support: 0.813807  frequency: 10217984
31th: 10 { 7062 4940 4438 4430 4428 265 260 184 180 170 }   support: 0.813807  frequency: 10217984
32th: 8 { 7082 7062 4438 4436 4428 184 180 170 }   support: 0.813604  frequency: 10215424
33th: 11 { 7112 7062 4438 4434 4432 4428 4426 188 184 180 170 }   support: 0.813277  frequency: 10211328
34th: 11 { 7112 7062 4940 4438 4432 4430 4428 4426 184 180 170 }   support: 0.813257  frequency: 10211072
35th: 11 { 7092 7062 4438 4436 4434 4430 4428 4426 184 180 170 }   support: 0.813257  frequency: 10211072
36th: 11 { 7112 7062 4940 4438 4434 4432 4430 4428 184 180 170 }   support: 0.813196  frequency: 10210304
37th: 9 { 7102 7092 7062 4438 4428 188 184 180 170 }   support: 0.813175  frequency: 10210048
38th: 10 { 7062 4940 4438 4436 4434 265 260 184 180 170 }   support: 0.813135  frequency: 10209536
39th: 11 { 7112 7062 4940 4438 4436 4434 4432 4428 184 180 170 }   support: 0.813094  frequency: 10209024
40th: 10 { 7062 4940 4438 4436 4434 4404 3404 184 180 170 }   support: 0.813053  frequency: 10208512
41th: 10 { 7112 7062 4438 4432 4430 4428 188 184 180 170 }   support: 0.813053  frequency: 10208512
42th: 10 { 7092 7062 4438 4436 4428 265 260 184 180 170 }   support: 0.813012  frequency: 10208000
43th: 10 { 7112 7062 4438 4428 4404 3404 188 184 180 170 }   support: 0.81291  frequency: 10206720
44th: 10 { 7062 4438 4436 4432 4404 3404 188 184 180 170 }   support: 0.81289  frequency: 10206464
45th: 11 { 7062 4940 4438 4434 4430 4428 4426 188 184 180 170 }   support: 0.812788  frequency: 10205184
46th: 11 { 7062 4940 4438 4434 4428 4404 3404 188 184 180 170 }   support: 0.812727  frequency: 10204416
47th: 10 { 7092 7062 4438 4436 4428 4404 3404 184 180 170 }   support: 0.812686  frequency: 10203904
48th: 9 { 7102 7092 7062 4438 4434 188 184 180 170 }   support: 0.812584  frequency: 10202624
49th: 11 { 7092 7062 4438 4436 4432 4430 4428 4426 184 180 170 }   support: 0.812482  frequency: 10201344
50th: 9 { 7112 7062 4438 4436 265 260 184 180 170 }   support: 0.812462  frequency: 10201088
51th: 10 { 7102 7092 7062 4940 4438 4436 4434 184 180 170 }   support: 0.812441  frequency: 10200832
52th: 11 { 7062 4940 4438 4432 4428 4404 3404 188 184 180 170 }   support: 0.812339  frequency: 10199552
53th: 11 { 7092 7062 4438 4434 4428 4426 4404 3404 184 180 170 }   support: 0.812176  frequency: 10197504
54th: 11 { 7092 7062 4438 4436 4434 4428 4426 188 184 180 170 }   support: 0.812095  frequency: 10196480
55th: 11 { 7092 7062 4438 4434 4428 4426 265 260 184 180 170 }   support: 0.812074  frequency: 10196224
56th: 10 { 7102 7062 4438 4434 4430 4428 4426 184 180 170 }   support: 0.812054  frequency: 10195968
57th: 11 { 7092 7062 4940 4438 4428 4426 4404 3404 184 180 170 }   support: 0.812034  frequency: 10195712
58th: 11 { 7092 7062 4940 4438 4428 4426 265 260 184 180 170 }   support: 0.811993  frequency: 10195200
59th: 10 { 7112 7062 4438 4434 4428 265 260 184 180 170 }   support: 0.811993  frequency: 10195200
60th: 9 { 7102 7062 4940 4438 4436 188 184 180 170 }   support: 0.811809  frequency: 10192896
61th: 10 { 7062 4438 4436 4428 265 260 188 184 180 170 }   support: 0.811769  frequency: 10192384
62th: 10 { 7112 7062 4438 4434 4428 4404 3404 184 180 170 }   support: 0.811748  frequency: 10192128
63th: 11 { 7062 4940 4438 4434 4404 3404 265 260 184 180 170 }   support: 0.811707  frequency: 10191616
64th: 9 { 7112 7062 4438 4436 4404 3404 184 180 170 }   support: 0.811707  frequency: 10191616
65th: 10 { 7092 7062 4438 4436 4434 265 260 184 180 170 }   support: 0.811707  frequency: 10191616
66th: 8 { 7112 7102 7062 4940 4438 4436 4434 170 }   support: 0.811687  frequency: 10191360
67th: 11 { 7062 4438 4434 4428 4426 265 260 188 184 180 170 }   support: 0.811667  frequency: 10191104
68th: 8 { 7102 7092 7062 4438 4430 4428 4426 170 }   support: 0.811626  frequency: 10190592
69th: 10 { 7112 7062 4438 4434 4430 4428 188 184 180 170 }   support: 0.811585  frequency: 10190080
70th: 10 { 7112 7062 4438 4404 3404 265 260 184 180 170 }   support: 0.811565  frequency: 10189824
71th: 11 { 7112 7092 7062 4438 4436 4434 4428 4426 184 180 170 }   support: 0.811544  frequency: 10189568
72th: 10 { 7112 7062 4438 4436 4434 4432 188 184 180 170 }   support: 0.811524  frequency: 10189312
73th: 11 { 7062 4940 4438 4436 4432 4428 4426 188 184 180 170 }   support: 0.811503  frequency: 10189056
74th: 10 { 7092 7062 4438 4436 4434 4404 3404 184 180 170 }   support: 0.811463  frequency: 10188544
75th: 9 { 7102 7062 4438 4434 4432 4430 4428 4426 170 }   support: 0.811463  frequency: 10188544
76th: 10 { 7112 7092 7062 4940 4438 4432 188 184 180 170 }   support: 0.811442  frequency: 10188288
77th: 11 { 7092 7062 4438 4432 4428 4426 265 260 184 180 170 }   support: 0.811422  frequency: 10188032
78th: 10 { 7062 4940 4438 4436 4404 3404 188 184 180 170 }   support: 0.811381  frequency: 10187520
79th: 11 { 7092 7062 4438 4432 4428 4426 4404 3404 184 180 170 }   support: 0.811381  frequency: 10187520
80th: 11 { 7112 7062 4940 4438 4434 4430 4428 4426 184 180 170 }   support: 0.811381  frequency: 10187520
81th: 10 { 7102 7092 7062 4940 4438 4434 4432 184 180 170 }   support: 0.81134  frequency: 10187008
82th: 10 { 7102 7092 7062 4940 4438 4428 4426 184 180 170 }   support: 0.81134  frequency: 10187008
83th: 11 { 7092 7062 4438 4434 4432 4428 265 260 184 180 170 }   support: 0.811238  frequency: 10185728
84th: 10 { 7112 7062 4438 4436 4432 4428 188 184 180 170 }   support: 0.811238  frequency: 10185728
85th: 11 { 7092 7062 4438 4434 4432 4428 4404 3404 184 180 170 }   support: 0.811238  frequency: 10185728
86th: 10 { 7112 7062 4438 4432 4428 265 260 184 180 170 }   support: 0.811218  frequency: 10185472
87th: 10 { 7092 7062 4438 4430 4428 265 260 184 180 170 }   support: 0.811198  frequency: 10185216
88th: 11 { 7062 4438 4432 4428 4426 265 260 188 184 180 170 }   support: 0.811157  frequency: 10184704
89th: 10 { 7102 7092 7062 4940 4438 4436 4428 184 180 170 }   support: 0.811075  frequency: 10183680
90th: 10 { 7092 7062 4438 4430 4428 4404 3404 184 180 170 }   support: 0.811075  frequency: 10183680
91th: 8 { 7102 7062 4940 4438 4428 4426 188 170 }   support: 0.811035  frequency: 10183168
92th: 11 { 7092 7062 4438 4436 4434 4432 4428 188 184 180 170 }   support: 0.810994  frequency: 10182656
93th: 8 { 7102 7062 4940 4438 4436 4434 188 170 }   support: 0.810994  frequency: 10182656
94th: 11 { 7062 4940 4438 4428 4426 265 260 188 184 180 170 }   support: 0.810994  frequency: 10182656
95th: 7 { 7082 7062 4438 4436 4434 4428 170 }   support: 0.810973  frequency: 10182400
96th: 9 { 7102 7062 4940 4438 4432 188 184 180 170 }   support: 0.810892  frequency: 10181376
97th: 9 { 7102 7092 7062 4940 4438 4436 4434 4428 170 }   support: 0.810892  frequency: 10181376
98th: 12 { 7092 7062 4440 4438 4436 4434 4432 4430 4428 4426 4414 170 }   support: 0.810871  frequency: 10181120
99th: 10 { 7112 7062 4940 4438 4428 265 260 184 180 170 }   support: 0.810831  frequency: 10180608
100th: 11 { 7092 7062 4438 4432 4430 4428 4426 188 184 180 170 }   support: 0.81081  frequency: 10180352
101th: 9 { 7112 7102 7092 7062 4438 4434 184 180 170 }   support: 0.81079  frequency: 10180096
102th: 10 { 7112 7062 4438 4432 4428 4404 3404 184 180 170 }   support: 0.810769  frequency: 10179840
103th: 10 { 7102 7062 4438 4432 4430 4428 4426 184 180 170 }   support: 0.810749  frequency: 10179584
104th: 11 { 7092 7062 4438 4434 4432 4430 4428 188 184 180 170 }   support: 0.810729  frequency: 10179328
105th: 9 { 7112 7102 7062 4940 4438 4436 184 180 170 }   support: 0.810627  frequency: 10178048
106th: 11 { 7112 7062 4940 4438 4436 4432 4428 4426 184 180 170 }   support: 0.810627  frequency: 10178048
107th: 9 { 7062 4438 4436 4434 4432 4404 3404 188 170 }   support: 0.810627  frequency: 10178048
108th: 11 { 7112 7092 7062 4438 4436 4434 4432 4428 184 180 170 }   support: 0.810606  frequency: 10177792
109th: 10 { 7112 7062 4940 4438 4436 4430 4428 184 180 170 }   support: 0.810586  frequency: 10177536
110th: 8 { 7112 7102 7062 4438 188 184 180 170 }   support: 0.810586  frequency: 10177536
111th: 9 { 7062 4438 4434 4430 4428 4404 3404 188 170 }   support: 0.810586  frequency: 10177536
112th: 9 { 7062 4438 4436 4432 4428 4404 3404 188 170 }   support: 0.810566  frequency: 10177280
113th: 11 { 7062 4438 4434 4432 4428 265 260 188 184 180 170 }   support: 0.810545  frequency: 10177024
114th: 9 { 7112 7102 7092 7062 4438 4428 184 180 170 }   support: 0.810545  frequency: 10177024
115th: 10 { 7062 4438 4434 4432 4404 3404 265 260 188 170 }   support: 0.810525  frequency: 10176768
116th: 10 { 7112 7062 4940 4438 4428 4404 3404 184 180 170 }   support: 0.810484  frequency: 10176256
117th: 9 { 7062 4940 4438 4428 4426 184 180 170 17 }   support: 0.810341  frequency: 10174464
118th: 8 { 7102 7062 4940 4438 4434 4432 188 170 }   support: 0.810321  frequency: 10174208
119th: 10 { 7062 4438 4436 4434 265 260 188 184 180 170 }   support: 0.810301  frequency: 10173952
120th: 10 { 7062 4438 4430 4428 265 260 188 184 180 170 }   support: 0.81028  frequency: 10173696
121th: 10 { 7112 7062 4940 4438 4434 4432 4430 4428 4426 170 }   support: 0.810239  frequency: 10173184
122th: 8 { 7102 7092 7062 4438 4434 4428 188 170 }   support: 0.810239  frequency: 10173184
123th: 10 { 7062 4940 4438 4434 4432 4430 4428 4426 188 170 }   support: 0.810219  frequency: 10172928
124th: 11 { 7062 4940 4438 4432 4404 3404 265 260 184 180 170 }   support: 0.810199  frequency: 10172672
125th: 11 { 7092 7062 4438 4434 4428 4404 3404 188 184 180 170 }   support: 0.810199  frequency: 10172672
126th: 10 { 7102 7092 7062 4940 4438 4432 4428 184 180 170 }   support: 0.810178  frequency: 10172416
127th: 9 { 7102 7092 7062 4940 4438 4434 4432 4428 170 }   support: 0.810158  frequency: 10172160
128th: 9 { 7062 4438 4434 4428 4426 184 180 170 17 }   support: 0.810137  frequency: 10171904
129th: 8 { 7112 7092 7062 4438 4432 4404 3404 170 }   support: 0.810137  frequency: 10171904
130th: 10 { 7062 4940 4438 4436 4430 4428 188 184 180 170 }   support: 0.810097  frequency: 10171392
131th: 8 { 7112 7092 7062 4438 4436 4432 188 170 }   support: 0.810015  frequency: 10170368
132th: 9 { 7062 4940 4438 4436 4428 4426 265 260 170 }   support: 0.809995  frequency: 10170112
133th: 7 { 7102 7062 4940 4438 265 260 170 }   support: 0.809995  frequency: 10170112
134th: 8 { 7112 7102 7062 4940 4438 4436 4428 170 }   support: 0.809974  frequency: 10169856
135th: 8 { 7112 7062 4438 4436 4428 265 260 170 }   support: 0.809934  frequency: 10169344
136th: 11 { 7092 7062 4940 4438 4428 4404 3404 188 184 180 170 }   support: 0.809934  frequency: 10169344
137th: 9 { 7062 4438 4436 4432 4404 3404 265 260 170 }   support: 0.809934  frequency: 10169344
138th: 8 { 7112 7102 7092 7062 4438 4434 4428 170 }   support: 0.809913  frequency: 10169088
139th: 9 { 7062 4940 4438 4436 4428 4426 4404 3404 170 }   support: 0.809913  frequency: 10169088
140th: 10 { 7112 7062 4940 4438 4436 4434 4432 4428 4426 170 }   support: 0.809913  frequency: 10169088
141th: 9 { 7112 7062 4438 4436 4434 4432 4428 188 170 }   support: 0.809872  frequency: 10168576
142th: 9 { 7102 7092 7062 4438 4436 188 184 180 170 }   support: 0.809872  frequency: 10168576
143th: 8 { 7112 7102 7062 4940 4438 4434 4432 170 }   support: 0.809872  frequency: 10168576
144th: 8 { 7112 7062 4940 4438 265 260 188 170 }   support: 0.809852  frequency: 10168320
145th: 9 { 7062 4940 4438 4436 4434 4428 4404 3404 170 }   support: 0.809811  frequency: 10167808
146th: 11 { 7112 7092 7062 4438 4434 4432 4430 4428 184 180 170 }   support: 0.809791  frequency: 10167552
147th: 10 { 7062 4940 4438 4434 4432 4428 4426 4404 3404 170 }   support: 0.809791  frequency: 10167552
148th: 9 { 7062 4940 4438 4432 4430 4428 265 260 170 }   support: 0.80977  frequency: 10167296
149th: 8 { 7102 7062 4940 4438 4436 4428 188 170 }   support: 0.80977  frequency: 10167296
150th: 9 { 7062 4438 4432 4428 4426 184 180 170 17 }   support: 0.80977  frequency: 10167296
151th: 9 { 7062 4940 4438 4432 4430 4428 4404 3404 170 }   support: 0.809709  frequency: 10166528
152th: 10 { 7102 7062 4438 4436 4434 4428 188 184 180 170 }   support: 0.809689  frequency: 10166272
153th: 9 { 7062 4940 4438 4436 4434 4428 265 260 170 }   support: 0.809689  frequency: 10166272
154th: 9 { 7062 4940 4438 4430 4428 4426 4404 3404 170 }   support: 0.809689  frequency: 10166272
155th: 8 { 7112 7102 7062 4940 4438 4428 4426 170 }   support: 0.809668  frequency: 10166016
156th: 10 { 7092 7062 4438 4428 4404 3404 265 260 188 170 }   support: 0.809668  frequency: 10166016
157th: 10 { 7092 7062 4438 4436 4404 3404 188 184 180 170 }   support: 0.809607  frequency: 10165248
158th: 9 { 7062 4940 4438 4430 4428 4426 265 260 170 }   support: 0.809587  frequency: 10164992
159th: 9 { 7112 7062 4438 4432 4430 4428 4426 188 170 }   support: 0.809567  frequency: 10164736
160th: 11 { 7092 7062 4438 4434 4404 3404 265 260 184 180 170 }   support: 0.809546  frequency: 10164480
161th: 10 { 7062 4940 4438 4434 4432 4428 4426 265 260 170 }   support: 0.809546  frequency: 10164480
162th: 11 { 7092 7062 4940 4438 4404 3404 265 260 184 180 170 }   support: 0.809505  frequency: 10163968
163th: 8 { 7112 7102 7092 7062 4438 4436 4434 170 }   support: 0.809465  frequency: 10163456
164th: 9 { 7112 7062 4438 4434 4432 4430 4428 188 170 }   support: 0.809465  frequency: 10163456
165th: 9 { 7112 7062 4438 4428 4404 3404 265 260 170 }   support: 0.809444  frequency: 10163200
166th: 11 { 7112 7092 7062 4438 4432 4430 4428 4426 184 180 170 }   support: 0.809424  frequency: 10162944
167th: 9 { 7102 7062 4438 4436 4434 4430 4428 4426 170 }   support: 0.809424  frequency: 10162944
168th: 9 { 7102 7092 7062 4940 4438 4434 4428 4426 170 }   support: 0.809383  frequency: 10162432
169th: 12 { 7092 7062 4940 4438 4434 4432 4430 4428 4426 184 180 170 }   support: 0.809383  frequency: 10162432
170th: 8 { 7112 7062 4438 4436 4428 4404 3404 170 }   support: 0.809363  frequency: 10162176
171th: 7 { 7112 7102 7062 4438 4434 188 170 }   support: 0.809363  frequency: 10162176
172th: 8 { 7102 7062 4940 4438 4432 4428 188 170 }   support: 0.809322  frequency: 10161664
173th: 11 { 7062 4940 4438 4434 4432 4404 3404 188 184 180 170 }   support: 0.809322  frequency: 10161664
174th: 9 { 7112 7062 4438 4428 4426 4404 3404 188 170 }   support: 0.809301  frequency: 10161408
175th: 7 { 7112 7102 7062 4438 4428 188 170 }   support: 0.809301  frequency: 10161408
176th: 11 { 7092 7062 4438 4432 4428 4404 3404 188 184 180 170 }   support: 0.80924  frequency: 10160640
177th: 9 { 7092 7062 4438 4434 4432 265 260 188 170 }   support: 0.80922  frequency: 10160384
178th: 9 { 7112 7092 7062 4940 4438 4432 4428 188 170 }   support: 0.8092  frequency: 10160128
179th: 7 { 7102 7082 7062 4438 4436 4434 170 }   support: 0.809138  frequency: 10159360
180th: 10 { 7112 7102 7062 4438 4436 4434 4428 184 180 170 }   support: 0.809118  frequency: 10159104
181th: 9 { 7062 4940 4438 4428 188 184 180 170 17 }   support: 0.809098  frequency: 10158848
182th: 10 { 7062 4940 4438 4436 4434 4432 4428 4426 188 170 }   support: 0.809057  frequency: 10158336
183th: 10 { 7102 7062 4438 4434 4432 4428 188 184 180 170 }   support: 0.809016  frequency: 10157824
184th: 11 { 7092 7062 4438 4434 4430 4428 4426 188 184 180 170 }   support: 0.808975  frequency: 10157312
185th: 11 { 7112 7062 4940 4438 4434 4428 4426 188 184 180 170 }   support: 0.808975  frequency: 10157312
186th: 9 { 7062 4438 4434 4428 188 184 180 170 17 }   support: 0.808934  frequency: 10156800
187th: 10 { 7112 7062 4940 4438 4436 4428 188 184 180 170 }   support: 0.808914  frequency: 10156544
188th: 7 { 7082 7062 4438 4436 4428 4426 170 }   support: 0.808914  frequency: 10156544
189th: 8 { 7112 7062 4438 4432 265 260 188 170 }   support: 0.808894  frequency: 10156288
190th: 7 { 7062 4940 4438 4432 188 170 17 }   support: 0.808873  frequency: 10156032
191th: 12 { 7092 7062 4940 4438 4436 4434 4432 4428 4426 184 180 170 }   support: 0.808873  frequency: 10156032
192th: 6 { 7092 7062 4438 4436 170 17 }   support: 0.808833  frequency: 10155520
193th: 10 { 7102 7062 4438 4434 4428 4426 188 184 180 170 }   support: 0.808812  frequency: 10155264
194th: 9 { 7112 7102 7092 7062 4438 4436 184 180 170 }   support: 0.808792  frequency: 10155008
195th: 7 { 7082 7062 4438 4436 4434 4432 170 }   support: 0.808792  frequency: 10155008
196th: 7 { 7062 4940 4438 265 260 170 17 }   support: 0.808771  frequency: 10154752
197th: 10 { 7062 4940 4438 4434 4428 4404 3404 265 260 170 }   support: 0.808751  frequency: 10154496
198th: 10 { 7062 4940 4438 4436 4432 265 260 184 180 170 }   support: 0.808751  frequency: 10154496
199th: 9 { 7112 7062 4940 4438 4436 4434 4430 4428 170 }   support: 0.808731  frequency: 10154240
200th: 9 { 7062 4438 265 260 188 184 180 170 17 }   support: 0.80871  frequency: 10153984
201th: 7 { 7062 4438 4434 265 260 170 17 }   support: 0.80869  frequency: 10153728
202th: 10 { 7102 7062 4438 4436 4430 4428 4426 184 180 170 }   support: 0.808669  frequency: 10153472
203th: 10 { 7062 4940 4438 4432 4428 4404 3404 265 260 170 }   support: 0.808649  frequency: 10153216
204th: 12 { 7062 4438 4428 4426 4404 3404 265 260 188 184 180 170 }   support: 0.808649  frequency: 10153216
205th: 8 { 7082 7062 4438 4436 4432 184 180 170 }   support: 0.808649  frequency: 10153216
206th: 8 { 7102 7092 7062 4438 4436 4434 188 170 }   support: 0.808629  frequency: 10152960
207th: 9 { 7112 7102 7062 4940 4438 4432 184 180 170 }   support: 0.808629  frequency: 10152960
208th: 10 { 7112 7062 4438 4434 4432 265 260 184 180 170 }   support: 0.808588  frequency: 10152448
209th: 9 { 7112 7062 4438 4434 4428 4426 265 260 170 }   support: 0.808588  frequency: 10152448
210th: 8 { 7112 7062 4438 4436 4434 265 260 170 }   support: 0.808527  frequency: 10151680
211th: 9 { 7112 7062 4438 4434 4428 4426 4404 3404 170 }   support: 0.808466  frequency: 10150912
212th: 9 { 7092 7062 4438 4428 4426 184 180 170 17 }   support: 0.808466  frequency: 10150912
213th: 10 { 7062 4940 4438 4436 4432 4404 3404 184 180 170 }   support: 0.808445  frequency: 10150656
214th: 9 { 7062 4438 4432 4428 188 184 180 170 17 }   support: 0.808445  frequency: 10150656
215th: 8 { 7112 7102 7062 4940 4438 4432 4428 170 }   support: 0.808364  frequency: 10149632
216th: 8 { 7062 4438 4430 4428 184 180 170 17 }   support: 0.808343  frequency: 10149376
217th: 11 { 7092 7062 4438 4436 4432 4428 4426 188 184 180 170 }   support: 0.808323  frequency: 10149120
218th: 7 { 7102 7062 4940 4438 4404 3404 170 }   support: 0.808302  frequency: 10148864
219th: 9 { 7102 7062 4438 4428 265 260 184 180 170 }   support: 0.808302  frequency: 10148864
220th: 7 { 7092 7062 4438 4434 188 170 17 }   support: 0.808302  frequency: 10148864
221th: 8 { 7062 4438 4436 4428 184 180 170 17 }   support: 0.808241  frequency: 10148096
222th: 11 { 7092 7062 4438 4428 4426 265 260 188 184 180 170 }   support: 0.8082  frequency: 10147584
223th: 8 { 7102 7082 7062 4438 4436 184 180 170 }   support: 0.80818  frequency: 10147328
224th: 9 { 7112 7062 4940 4438 4436 4432 4430 4428 170 }   support: 0.80816  frequency: 10147072
225th: 8 { 7112 7062 4438 4430 4428 265 260 170 }   support: 0.80816  frequency: 10147072
226th: 9 { 7102 7092 7062 4940 4438 4436 4434 4432 170 }   support: 0.808139  frequency: 10146816
227th: 10 { 7112 7092 7062 4438 4436 4430 4428 184 180 170 }   support: 0.808139  frequency: 10146816
228th: 7 { 7102 7092 7062 4438 265 260 170 }   support: 0.808139  frequency: 10146816
229th: 9 { 7112 7062 4438 4434 4430 4428 4426 188 170 }   support: 0.808119  frequency: 10146560
230th: 9 { 7102 7092 7062 4438 4436 4430 184 180 170 }   support: 0.808119  frequency: 10146560
231th: 7 { 7062 4940 4438 4434 4432 170 17 }   support: 0.808119  frequency: 10146560
232th: 10 { 7112 7062 4438 4434 4432 4404 3404 184 180 170 }   support: 0.808119  frequency: 10146560
233th: 8 { 7112 7062 4438 4436 4434 4404 3404 170 }   support: 0.808099  frequency: 10146304
234th: 11 { 7112 7062 4940 4438 4432 4428 4426 188 184 180 170 }   support: 0.808099  frequency: 10146304
235th: 10 { 7112 7062 4940 4438 4430 4428 188 184 180 170 }   support: 0.808078  frequency: 10146048
236th: 9 { 7102 7092 7062 4438 4432 188 184 180 170 }   support: 0.808058  frequency: 10145792
237th: 11 { 7112 7092 7062 4438 4434 4430 4428 4426 184 180 170 }   support: 0.808058  frequency: 10145792
238th: 10 { 7062 4940 4438 4434 4428 4426 4404 3404 188 170 }   support: 0.808037  frequency: 10145536
239th: 10 { 7112 7092 7062 4438 4428 265 260 184 180 170 }   support: 0.807976  frequency: 10144768
240th: 9 { 7092 7062 4438 4436 4434 4428 265 260 170 }   support: 0.807854  frequency: 10143232
241th: 9 { 7112 7062 4438 4432 4428 4426 265 260 170 }   support: 0.807833  frequency: 10142976
242th: 8 { 7102 7092 7062 4438 4428 4426 188 170 }   support: 0.807833  frequency: 10142976
243th: 8 { 7112 7102 7092 7062 4438 4436 4428 170 }   support: 0.807813  frequency: 10142720
244th: 9 { 7092 7062 4438 4436 4428 4426 265 260 170 }   support: 0.807793  frequency: 10142464
245th: 9 { 7092 7062 4438 4436 4434 4428 4404 3404 170 }   support: 0.807772  frequency: 10142208
246th: 10 { 7112 7062 4940 4438 4436 4434 188 184 180 170 }   support: 0.807752  frequency: 10141952
247th: 11 { 7112 7092 7062 4438 4436 4432 4428 4426 184 180 170 }   support: 0.807752  frequency: 10141952
248th: 9 { 7062 4940 4438 4436 4404 3404 265 260 170 }   support: 0.807752  frequency: 10141952
249th: 8 { 7102 7062 4940 4438 4436 4432 4430 170 }   support: 0.807711  frequency: 10141440
250th: 11 { 7102 7062 4940 4438 4436 4434 4432 4428 184 180 170 }   support: 0.807711  frequency: 10141440
251th: 10 { 7062 4940 4438 4432 4428 4426 4404 3404 188 170 }   support: 0.807691  frequency: 10141184
252th: 8 { 7112 7062 4438 4430 4428 4404 3404 170 }   support: 0.807691  frequency: 10141184
253th: 8 { 7102 7062 4940 4438 4432 4430 4428 4426 }   support: 0.80763  frequency: 10140416
254th: 9 { 7112 7062 4940 4438 4436 4430 4428 4426 170 }   support: 0.807609  frequency: 10140160
255th: 9 { 7112 7062 4438 4434 4432 4428 265 260 170 }   support: 0.807609  frequency: 10140160
256th: 9 { 7062 4438 4434 4432 4428 184 180 170 17 }   support: 0.807568  frequency: 10139648
257th: 9 { 7092 7062 4438 4436 4428 4426 4404 3404 170 }   support: 0.807548  frequency: 10139392
258th: 10 { 7112 7092 7062 4438 4428 4404 3404 184 180 170 }   support: 0.807548  frequency: 10139392
259th: 9 { 7102 7062 4438 4434 265 260 184 180 170 }   support: 0.807548  frequency: 10139392
260th: 9 { 7112 7062 4438 4436 4432 4428 4426 188 170 }   support: 0.807528  frequency: 10139136
261th: 9 { 7112 7062 4438 4432 4428 4426 4404 3404 170 }   support: 0.807507  frequency: 10138880
262th: 11 { 7112 7062 4940 4438 4434 4432 4428 188 184 180 170 }   support: 0.807487  frequency: 10138624
263th: 8 { 4940 4438 265 260 184 180 170 17 }   support: 0.807446  frequency: 10138112
264th: 10 { 7062 4438 4434 4430 4404 3404 188 184 180 170 }   support: 0.807426  frequency: 10137856
265th: 9 { 7112 7062 4940 4438 4428 4426 265 260 170 }   support: 0.807426  frequency: 10137856
266th: 8 { 7102 7092 7062 4438 4436 4428 188 170 }   support: 0.807405  frequency: 10137600
267th: 11 { 7092 7062 4438 4432 4404 3404 265 260 184 180 170 }   support: 0.807405  frequency: 10137600
268th: 8 { 7102 7062 4940 4438 4436 4432 4430 4428 }   support: 0.807344  frequency: 10136832
269th: 10 { 7092 7062 4438 4436 4430 4428 188 184 180 170 }   support: 0.807324  frequency: 10136576
270th: 10 { 7112 7102 7062 4438 4434 4432 4428 184 180 170 }   support: 0.807324  frequency: 10136576
271th: 9 { 7112 7062 4438 4434 4432 4428 4404 3404 170 }   support: 0.807303  frequency: 10136320
272th: 8 { 7112 7062 4438 4436 4430 4428 188 170 }   support: 0.807263  frequency: 10135808
273th: 9 { 7102 4940 4438 4428 4426 188 184 180 170 }   support: 0.807242  frequency: 10135552
274th: 8 { 4940 4438 4432 188 184 180 170 17 }   support: 0.807242  frequency: 10135552
275th: 10 { 7112 7062 4438 4434 4404 3404 188 184 180 170 }   support: 0.807242  frequency: 10135552
276th: 8 { 7102 7062 4438 4436 4432 4428 4426 188 }   support: 0.807222  frequency: 10135296
277th: 9 { 7062 4940 4438 4434 4430 4428 4404 3404 170 }   support: 0.807201  frequency: 10135040
278th: 9 { 7112 7062 4940 4438 4428 4426 4404 3404 170 }   support: 0.807181  frequency: 10134784
279th: 7 { 7112 7102 7062 4438 4436 188 170 }   support: 0.807181  frequency: 10134784
280th: 7 { 7062 4438 4432 265 260 170 17 }   support: 0.807161  frequency: 10134528
281th: 9 { 7062 4940 4438 4436 4428 4404 3404 188 170 }   support: 0.80714  frequency: 10134272
282th: 9 { 7092 7062 4438 4428 188 184 180 170 17 }   support: 0.807079  frequency: 10133504
283th: 8 { 7062 4940 4438 4430 265 260 188 170 }   support: 0.807079  frequency: 10133504
284th: 7 { 4940 4438 4428 4404 3404 170 17 }   support: 0.807079  frequency: 10133504
285th: 8 { 7112 7092 7062 4438 4430 4428 4426 188 }   support: 0.807079  frequency: 10133504
286th: 9 { 7102 7062 4940 4438 4426 188 184 180 170 }   support: 0.807079  frequency: 10133504
287th: 8 { 7102 7092 7062 4438 4434 4432 188 170 }   support: 0.807079  frequency: 10133504
288th: 9 { 7092 7062 4940 4438 4436 4434 4432 4428 188 }   support: 0.807059  frequency: 10133248
289th: 10 { 7112 7102 7062 4438 4434 4428 4426 184 180 170 }   support: 0.807038  frequency: 10132992
290th: 9 { 7112 7092 7062 4940 4438 4434 4430 4428 4426 }   support: 0.807038  frequency: 10132992
291th: 11 { 7092 4438 4428 4404 3404 265 260 188 184 180 170 }   support: 0.807038  frequency: 10132992
292th: 7 { 7102 7062 4438 4436 4430 188 170 }   support: 0.807018  frequency: 10132736
293th: 9 { 7112 4940 4438 265 260 188 184 180 170 }   support: 0.807018  frequency: 10132736
294th: 9 { 7062 4940 4438 4434 4430 4428 265 260 170 }   support: 0.807018  frequency: 10132736
295th: 10 { 7062 4940 4438 4434 4432 4428 4404 3404 188 170 }   support: 0.806998  frequency: 10132480
296th: 7 { 4438 4434 4428 4404 3404 170 17 }   support: 0.806998  frequency: 10132480
297th: 8 { 7102 7062 4438 4436 4432 4426 188 170 }   support: 0.806977  frequency: 10132224
298th: 8 { 7112 7102 7092 7062 4438 4434 4432 170 }   support: 0.806977  frequency: 10132224
299th: 11 { 7092 7062 4940 4438 4436 4434 4430 4428 184 180 170 }   support: 0.806977  frequency: 10132224
300th: 11 { 7092 7062 4940 4438 4434 4428 4404 3404 184 180 170 }   support: 0.806977  frequency: 10132224
301th: 7 { 7092 7062 4438 265 260 170 17 }   support: 0.806957  frequency: 10131968
302th: 8 { 7092 4438 4434 188 184 180 170 17 }   support: 0.806957  frequency: 10131968
303th: 8 { 7062 4438 4436 188 184 180 170 17 }   support: 0.806957  frequency: 10131968
304th: 7 { 7092 4438 4436 184 180 170 17 }   support: 0.806936  frequency: 10131712
305th: 11 { 7102 7062 4940 4438 4436 4434 4428 4426 184 180 170 }   support: 0.806936  frequency: 10131712
306th: 8 { 7112 7102 7062 4940 4438 4436 4434 4428 }   support: 0.806916  frequency: 10131456
307th: 7 { 7112 7102 7092 7062 4940 4438 4436 }   support: 0.806916  frequency: 10131456
308th: 10 { 7102 7092 7062 4940 4438 4436 4432 184 180 170 }   support: 0.806916  frequency: 10131456
309th: 8 { 7112 7092 4438 4428 4404 3404 188 170 }   support: 0.806896  frequency: 10131200
310th: 9 { 7112 7092 7062 4940 4438 4434 4432 188 170 }   support: 0.806896  frequency: 10131200
311th: 6 { 7112 4438 4428 4426 170 17 }   support: 0.806875  frequency: 10130944
312th: 9 { 7102 7062 4438 4428 4404 3404 184 180 170 }   support: 0.806875  frequency: 10130944
313th: 8 { 4940 4438 4436 4428 265 260 188 170 }   support: 0.806875  frequency: 10130944
314th: 9 { 7102 7062 4438 4436 4432 4430 4428 4426 170 }   support: 0.806875  frequency: 10130944
315th: 8 { 4940 4438 4430 4404 3404 265 260 170 }   support: 0.806875  frequency: 10130944
316th: 9 { 7062 4438 4436 4434 4432 4426 4404 3404 170 }   support: 0.806875  frequency: 10130944
317th: 6 { 7062 4438 4434 4430 170 17 }   support: 0.806875  frequency: 10130944
318th: 9 { 7062 4438 4436 4434 4432 4426 265 260 170 }   support: 0.806834  frequency: 10130432
319th: 9 { 7062 4438 4436 4428 4426 265 260 188 170 }   support: 0.806834  frequency: 10130432
320th: 10 { 7102 7062 4438 4436 4434 4432 188 184 180 170 }   support: 0.806834  frequency: 10130432
321th: 7 { 7102 7092 7062 4940 4438 4432 4430 }   support: 0.806834  frequency: 10130432
322th: 11 { 7092 7062 4940 4438 4434 4428 265 260 184 180 170 }   support: 0.806794  frequency: 10129920
323th: 9 { 7062 4438 4428 265 260 184 180 170 17 }   support: 0.806773  frequency: 10129664
324th: 7 { 7102 4438 4404 3404 265 260 170 }   support: 0.806753  frequency: 10129408
325th: 8 { 7112 7102 7092 7062 4438 4428 4426 170 }   support: 0.806753  frequency: 10129408
326th: 7 { 7102 7062 4438 4430 4428 4426 188 }   support: 0.806753  frequency: 10129408
327th: 9 { 7062 4940 4438 4436 4432 4428 265 260 170 }   support: 0.806732  frequency: 10129152
328th: 9 { 7102 4438 4434 4432 4426 188 184 180 170 }   support: 0.806732  frequency: 10129152
329th: 10 { 7092 7062 4438 4436 4432 265 260 184 180 170 }   support: 0.806712  frequency: 10128896
330th: 8 { 7062 4438 4428 4426 4404 3404 170 17 }   support: 0.806712  frequency: 10128896
331th: 7 { 7112 7102 7062 4438 4434 4432 4430 }   support: 0.806692  frequency: 10128640
332th: 8 { 7112 7092 7062 4438 4432 4430 188 170 }   support: 0.806692  frequency: 10128640
333th: 11 { 7102 7062 4940 4438 4434 4432 4428 4426 184 180 170 }   support: 0.806692  frequency: 10128640
334th: 10 { 7112 7092 7062 4438 4436 4434 4432 4428 4426 170 }   support: 0.806692  frequency: 10128640
335th: 7 { 7102 7082 7062 4438 4436 4428 170 }   support: 0.806692  frequency: 10128640
336th: 8 { 7062 4438 4404 3404 265 260 170 17 }   support: 0.806692  frequency: 10128640
337th: 8 { 7112 7092 7062 4940 4438 4436 4430 4428 }   support: 0.806671  frequency: 10128384
338th: 9 { 7062 4940 4438 4436 4434 4432 265 260 170 }   support: 0.806671  frequency: 10128384
339th: 8 { 7112 7092 4940 4438 4428 265 260 170 }   support: 0.806651  frequency: 10128128
340th: 9 { 7062 4940 4438 4436 4432 4428 4404 3404 170 }   support: 0.806651  frequency: 10128128
341th: 9 { 7062 4940 4438 4430 4428 4404 3404 188 170 }   support: 0.806651  frequency: 10128128
342th: 8 { 7112 7092 4438 4434 4428 265 260 170 }   support: 0.806651  frequency: 10128128
343th: 5 { 7082 4940 4438 4434 4428 }   support: 0.806631  frequency: 10127872
344th: 8 { 7112 7092 4438 4430 4428 4426 188 170 }   support: 0.806631  frequency: 10127872
345th: 11 { 7062 4440 4438 4436 4434 4432 4430 4428 4426 4414 188 }   support: 0.80661  frequency: 10127616
346th: 8 { 4438 4434 265 260 184 180 170 17 }   support: 0.80659  frequency: 10127360
347th: 8 { 7102 4438 4426 265 260 184 180 170 }   support: 0.80659  frequency: 10127360
348th: 7 { 7102 4438 4428 4404 3404 188 170 }   support: 0.80659  frequency: 10127360
349th: 8 { 7112 7092 7062 4940 4438 4436 4430 170 }   support: 0.806569  frequency: 10127104
350th: 7 { 4438 4432 4428 4404 3404 170 17 }   support: 0.806549  frequency: 10126848
351th: 8 { 4940 4438 4436 4426 4404 3404 188 170 }   support: 0.806549  frequency: 10126848
352th: 11 { 7092 7062 4940 4438 4436 4428 4426 188 184 180 170 }   support: 0.806529  frequency: 10126592
353th: 7 { 7082 7062 4438 4436 4432 4428 170 }   support: 0.806529  frequency: 10126592
354th: 9 { 7062 4438 4436 4434 4432 4428 4426 265 260 }   support: 0.806529  frequency: 10126592
355th: 9 { 7062 4438 4436 4434 4432 4428 4426 4404 3404 }   support: 0.806529  frequency: 10126592
356th: 10 { 7062 4940 4438 4436 4426 265 260 184 180 170 }   support: 0.806529  frequency: 10126592
357th: 9 { 7062 4940 4438 4436 4434 4432 4404 3404 170 }   support: 0.806529  frequency: 10126592
358th: 11 { 7092 7062 4940 4438 4436 4432 4430 4428 184 180 170 }   support: 0.806508  frequency: 10126336
359th: 9 { 4438 4434 4430 265 260 188 184 180 170 }   support: 0.806508  frequency: 10126336
360th: 8 { 7112 7092 4438 4404 3404 265 260 170 }   support: 0.806508  frequency: 10126336
361th: 8 { 7102 7092 7062 4438 4434 4430 4428 4426 }   support: 0.806488  frequency: 10126080
362th: 9 { 7062 4940 4438 4436 4434 4430 4428 188 170 }   support: 0.806488  frequency: 10126080
363th: 10 { 7112 4940 4438 4434 4432 4426 188 184 180 170 }   support: 0.806488  frequency: 10126080
364th: 11 { 7102 7092 7062 4438 4436 4434 4432 4428 184 180 170 }   support: 0.806488  frequency: 10126080
365th: 5 { 7082 4940 4438 4428 4426 }   support: 0.806488  frequency: 10126080
366th: 9 { 7112 7102 7062 4438 4436 4434 4432 4428 170 }   support: 0.806467  frequency: 10125824
367th: 9 { 7092 4940 4438 4434 4428 4404 3404 188 170 }   support: 0.806467  frequency: 10125824
368th: 10 { 7112 7102 7062 4438 4436 4434 4432 184 180 170 }   support: 0.806467  frequency: 10125824
369th: 11 { 4438 4434 4432 4404 3404 265 260 188 184 180 170 }   support: 0.806447  frequency: 10125568
370th: 11 { 7092 7062 4940 4438 4432 4428 4404 3404 184 180 170 }   support: 0.806447  frequency: 10125568
371th: 8 { 7092 7082 7062 4438 4436 184 180 170 }   support: 0.806447  frequency: 10125568
372th: 9 { 7102 7092 4438 4434 4428 188 184 180 170 }   support: 0.806447  frequency: 10125568
373th: 9 { 7112 4438 4426 265 260 188 184 180 170 }   support: 0.806447  frequency: 10125568
374th: 6 { 7102 4940 4438 4430 4428 188 }   support: 0.806427  frequency: 10125312
375th: 9 { 7102 7092 4438 4430 4428 4426 184 180 170 }   support: 0.806406  frequency: 10125056
376th: 6 { 4438 4436 4434 188 170 17 }   support: 0.806406  frequency: 10125056
377th: 6 { 7092 7062 4438 4404 3404 3403 }   support: 0.806406  frequency: 10125056
378th: 10 { 7062 4940 4438 4436 4426 4404 3404 184 180 170 }   support: 0.806406  frequency: 10125056
379th: 8 { 7112 7092 7062 4438 4432 4430 4428 188 }   support: 0.806386  frequency: 10124800
380th: 8 { 7112 7092 7062 4438 265 260 188 170 }   support: 0.806386  frequency: 10124800
381th: 4 { 7102 4438 170 17 }   support: 0.806386  frequency: 10124800
382th: 11 { 7092 7062 4940 4438 4432 4428 265 260 184 180 170 }   support: 0.806386  frequency: 10124800
383th: 9 { 7062 4438 4436 4434 4428 265 260 188 170 }   support: 0.806386  frequency: 10124800
384th: 9 { 7102 4940 4438 4436 4434 188 184 180 170 }   support: 0.806386  frequency: 10124800
385th: 8 { 7112 4940 4438 4434 4432 265 260 170 }   support: 0.806365  frequency: 10124544
386th: 6 { 4438 4434 4430 4428 170 17 }   support: 0.806365  frequency: 10124544
387th: 9 { 7092 4940 4438 4434 4404 3404 265 260 170 }   support: 0.806365  frequency: 10124544
388th: 10 { 7092 7062 4940 4438 4436 265 260 184 180 170 }   support: 0.806365  frequency: 10124544
389th: 9 { 4940 4438 4434 4432 4428 265 260 188 170 }   support: 0.806345  frequency: 10124288
390th: 8 { 4940 4438 4430 4428 265 260 188 170 }   support: 0.806325  frequency: 10124032
391th: 7 { 7092 4940 4438 4432 4430 265 260 }   support: 0.806325  frequency: 10124032
392th: 11 { 7092 7062 4438 4434 4432 4404 3404 188 184 180 170 }   support: 0.806325  frequency: 10124032
393th: 9 { 7092 7062 4438 4430 4428 4426 265 260 170 }   support: 0.806325  frequency: 10124032
394th: 8 { 7112 7092 7062 4438 4434 4428 265 260 }   support: 0.806325  frequency: 10124032
395th: 9 { 7112 7092 4438 4432 4404 3404 184 180 170 }   support: 0.806304  frequency: 10123776
396th: 6 { 7112 7062 4438 4426 170 17 }   support: 0.806304  frequency: 10123776
397th: 9 { 7112 7092 7062 4438 4434 4432 4428 4426 188 }   support: 0.806304  frequency: 10123776
398th: 9 { 7102 7092 7062 4940 4438 4436 4428 4426 170 }   support: 0.806304  frequency: 10123776
399th: 9 { 7062 4438 4432 4430 4404 3404 265 260 170 }   support: 0.806304  frequency: 10123776
400th: 8 { 7102 7062 4438 4434 4428 265 260 170 }   support: 0.806304  frequency: 10123776
401th: 9 { 7092 7062 4438 4430 4428 4426 4404 3404 170 }   support: 0.806284  frequency: 10123520
402th: 7 { 4438 4432 4430 184 180 170 17 }   support: 0.806284  frequency: 10123520
403th: 10 { 7112 7062 4940 4438 4404 3404 188 184 180 170 }   support: 0.806284  frequency: 10123520
404th: 9 { 7112 7092 7062 4940 4438 4436 4432 4428 4426 }   support: 0.806284  frequency: 10123520
405th: 10 { 7092 7062 4438 4436 4432 4404 3404 184 180 170 }   support: 0.806284  frequency: 10123520
406th: 9 { 7092 7062 4940 4438 4434 265 260 188 170 }   support: 0.806284  frequency: 10123520
407th: 5 { 7082 4940 4438 4436 4426 }   support: 0.806264  frequency: 10123264
408th: 6 { 7102 7092 4438 4434 4404 3404 }   support: 0.806264  frequency: 10123264
409th: 11 { 7092 7062 4940 4438 4436 4434 4428 188 184 180 170 }   support: 0.806243  frequency: 10123008
410th: 8 { 7102 4438 4436 4432 4428 4426 188 170 }   support: 0.806243  frequency: 10123008
411th: 7 { 7102 7092 7062 4438 4404 3404 170 }   support: 0.806243  frequency: 10123008
412th: 8 { 7112 7102 7062 4940 4438 4436 4432 170 }   support: 0.806243  frequency: 10123008
413th: 8 { 4940 4438 4436 4434 4432 4428 4404 3404 }   support: 0.806243  frequency: 10123008
414th: 7 { 7102 7062 4438 265 260 188 170 }   support: 0.806223  frequency: 10122752
415th: 10 { 7092 7062 4438 4434 4432 4428 4426 4404 3404 170 }   support: 0.806223  frequency: 10122752
416th: 9 { 7092 7062 4438 4432 4430 4428 265 260 170 }   support: 0.806223  frequency: 10122752
417th: 8 { 7112 7092 4438 4434 4428 4404 3404 170 }   support: 0.806223  frequency: 10122752
418th: 11 { 7092 7062 4940 4438 4430 4428 4426 188 184 180 170 }   support: 0.806202  frequency: 10122496
419th: 9 { 7092 4940 4438 4436 4434 4432 4428 188 170 }   support: 0.806202  frequency: 10122496
420th: 8 { 7062 4940 4438 4436 4428 265 260 188 }   support: 0.806202  frequency: 10122496
421th: 6 { 7112 7102 7092 7062 4438 4430 }   support: 0.806202  frequency: 10122496
422th: 7 { 7102 7062 4438 4436 4432 265 260 }   support: 0.806202  frequency: 10122496
423th: 10 { 7062 4940 4438 4432 4430 265 260 184 180 170 }   support: 0.806182  frequency: 10122240
424th: 7 { 7112 4438 4432 4430 4428 265 260 }   support: 0.806182  frequency: 10122240
425th: 8 { 7112 7092 4940 4438 4428 4404 3404 170 }   support: 0.806182  frequency: 10122240
426th: 6 { 7102 4438 4436 4426 4404 3404 }   support: 0.806182  frequency: 10122240
427th: 9 { 7062 4940 4438 4436 4432 4430 4428 188 170 }   support: 0.806182  frequency: 10122240
428th: 9 { 7062 4438 4434 4432 4430 4428 4426 265 260 }   support: 0.806162  frequency: 10121984
429th: 5 { 7112 7102 4438 265 260 }   support: 0.806162  frequency: 10121984
430th: 8 { 4940 4438 4436 4434 4432 4428 265 260 }   support: 0.806162  frequency: 10121984
431th: 9 { 7112 7102 4940 4438 4436 4434 184 180 170 }   support: 0.806162  frequency: 10121984
432th: 8 { 7102 4940 4438 4432 4430 4428 4426 170 }   support: 0.806162  frequency: 10121984
433th: 10 { 7092 7062 4438 4434 4428 4404 3404 265 260 170 }   support: 0.806141  frequency: 10121728
434th: 8 { 7062 4940 4438 4430 4404 3404 265 260 }   support: 0.806141  frequency: 10121728
435th: 9 { 4438 4436 4434 4432 4428 4426 4404 3404 170 }   support: 0.806141  frequency: 10121728
436th: 10 { 7092 7062 4438 4434 4432 4428 4426 265 260 170 }   support: 0.806141  frequency: 10121728
437th: 7 { 7112 4438 4430 4428 4426 4404 3404 }   support: 0.806121  frequency: 10121472
438th: 7 { 7112 4438 4436 4430 4428 4426 188 }   support: 0.806121  frequency: 10121472
439th: 8 { 7112 4438 4428 4404 3404 265 260 188 }   support: 0.806121  frequency: 10121472
440th: 10 { 7062 4940 4438 4432 4430 4404 3404 184 180 170 }   support: 0.806121  frequency: 10121472
441th: 10 { 7112 7092 7062 4438 4434 4432 4430 4428 4426 170 }   support: 0.806121  frequency: 10121472
442th: 7 { 7092 7062 4438 4432 188 170 17 }   support: 0.806121  frequency: 10121472
443th: 9 { 7062 4940 4438 4432 4426 4404 3404 265 260 }   support: 0.806121  frequency: 10121472
444th: 7 { 7092 4940 4438 4432 4430 4404 3404 }   support: 0.806121  frequency: 10121472
445th: 8 { 7102 7092 7062 4438 4432 4428 188 170 }   support: 0.8061  frequency: 10121216
446th: 8 { 7112 7062 4940 4438 4434 4432 265 260 }   support: 0.8061  frequency: 10121216
447th: 10 { 4438 4434 4430 4428 4404 3404 188 184 180 170 }   support: 0.8061  frequency: 10121216
448th: 6 { 7062 4438 4434 4430 4428 17 }   support: 0.8061  frequency: 10121216
449th: 7 { 7112 7092 4438 4436 4404 3404 170 }   support: 0.8061  frequency: 10121216
450th: 9 { 7102 7062 4438 4434 4404 3404 184 180 170 }   support: 0.8061  frequency: 10121216
451th: 9 { 7102 7092 4438 4436 4430 4428 184 180 170 }   support: 0.8061  frequency: 10121216
452th: 9 { 7062 4438 4434 4432 4430 4428 4426 4404 3404 }   support: 0.8061  frequency: 10121216
453th: 8 { 7112 7092 7062 4438 4428 4404 3404 188 }   support: 0.8061  frequency: 10121216
454th: 7 { 7112 7092 4438 4426 4404 3404 188 }   support: 0.8061  frequency: 10121216
455th: 8 { 7112 4438 4434 4432 4428 4426 265 260 }   support: 0.80608  frequency: 10120960
456th: 7 { 7102 7062 4438 4436 4430 4428 188 }   support: 0.80608  frequency: 10120960
457th: 9 { 4438 4436 4434 4432 4428 4426 265 260 170 }   support: 0.80608  frequency: 10120960
458th: 10 { 7112 7092 4940 4438 4432 4428 188 184 180 170 }   support: 0.80608  frequency: 10120960
459th: 7 { 7102 7062 4438 4404 3404 265 260 }   support: 0.80608  frequency: 10120960
460th: 10 { 4438 4436 4432 4428 4404 3404 188 184 180 170 }   support: 0.80608  frequency: 10120960
461th: 9 { 7112 7092 4438 4436 4432 188 184 180 170 }   support: 0.80606  frequency: 10120704
462th: 9 { 7112 7102 7062 4438 4436 4434 4428 4426 170 }   support: 0.80606  frequency: 10120704
463th: 7 { 7102 7062 4438 4428 4404 3404 188 }   support: 0.80606  frequency: 10120704
464th: 9 { 7112 7102 7092 7062 4438 4432 184 180 170 }   support: 0.80606  frequency: 10120704
465th: 7 { 7102 4438 4430 4428 4426 188 170 }   support: 0.80606  frequency: 10120704
466th: 10 { 7062 4438 4434 4426 4404 3404 265 260 188 170 }   support: 0.80606  frequency: 10120704
467th: 7 { 7092 4438 4434 4430 4404 3404 188 }   support: 0.806039  frequency: 10120448
468th: 10 { 7062 4940 4438 4434 4404 3404 265 260 188 170 }   support: 0.806019  frequency: 10120192
469th: 9 { 7092 7062 4438 4432 4430 4428 4404 3404 170 }   support: 0.806019  frequency: 10120192
470th: 11 { 7112 7092 7062 4940 4438 4436 4434 4428 184 180 170 }   support: 0.805998  frequency: 10119936
471th: 10 { 7112 7062 4438 4428 265 260 188 184 180 170 }   support: 0.805998  frequency: 10119936
472th: 9 { 7112 7092 7062 4438 4436 4434 4430 4428 170 }   support: 0.805978  frequency: 10119680
473th: 12 { 7092 7062 4940 4438 4434 4432 4428 4426 188 184 180 170 }   support: 0.805978  frequency: 10119680
474th: 9 { 7062 4438 4436 4434 4426 4404 3404 188 170 }   support: 0.805978  frequency: 10119680
475th: 6 { 4940 4438 4434 4432 188 17 }   support: 0.805978  frequency: 10119680
476th: 10 { 7112 4438 4428 4426 4404 3404 188 184 180 170 }   support: 0.805978  frequency: 10119680
477th: 7 { 7112 7102 7062 4438 4436 4434 4430 }   support: 0.805958  frequency: 10119424
478th: 10 { 7092 7062 4940 4438 4436 4404 3404 184 180 170 }   support: 0.805958  frequency: 10119424
479th: 10 { 7112 7062 4438 4434 4432 4430 188 184 180 170 }   support: 0.805958  frequency: 10119424
480th: 9 { 7092 7062 4438 4436 4404 3404 265 260 170 }   support: 0.805937  frequency: 10119168
481th: 7 { 7112 7102 7092 4940 4438 4436 170 }   support: 0.805937  frequency: 10119168
482th: 9 { 7092 4438 4436 4432 4430 188 184 180 170 }   support: 0.805937  frequency: 10119168
483th: 5 { 4438 4434 4432 4430 17 }   support: 0.805917  frequency: 10118912
484th: 8 { 7092 4438 4436 4434 4426 265 260 170 }   support: 0.805917  frequency: 10118912
485th: 8 { 4940 4438 4436 4434 4432 4430 4428 188 }   support: 0.805917  frequency: 10118912
486th: 9 { 4940 4438 4434 4432 4428 4404 3404 265 260 }   support: 0.805917  frequency: 10118912
487th: 6 { 7102 4940 4438 4432 265 260 }   support: 0.805917  frequency: 10118912
488th: 8 { 7112 4438 4434 4432 4426 265 260 170 }   support: 0.805917  frequency: 10118912
489th: 8 { 7092 7062 4438 4436 4434 4426 265 260 }   support: 0.805897  frequency: 10118656
490th: 7 { 7062 4438 4434 4428 4404 3404 17 }   support: 0.805897  frequency: 10118656
491th: 8 { 7112 7092 7062 4438 4434 4428 4404 3404 }   support: 0.805897  frequency: 10118656
492th: 7 { 7112 4438 4436 4432 4430 4428 188 }   support: 0.805876  frequency: 10118400
493th: 9 { 7102 4940 4438 4434 4432 188 184 180 170 }   support: 0.805876  frequency: 10118400
494th: 10 { 7112 7062 4438 4426 4404 3404 188 184 180 170 }   support: 0.805876  frequency: 10118400
495th: 7 { 7112 7092 7062 4438 4436 4404 3404 }   support: 0.805876  frequency: 10118400
496th: 6 { 7062 4438 4436 4434 188 17 }   support: 0.805876  frequency: 10118400
497th: 7 { 4940 4438 4434 4428 4426 170 17 }   support: 0.805876  frequency: 10118400
498th: 9 { 7102 7092 7062 4438 4436 4430 4428 184 180 }   support: 0.805876  frequency: 10118400
499th: 7 { 7112 7092 4940 4438 4436 4432 4430 }   support: 0.805876  frequency: 10118400
500th: 6 { 7102 4438 4436 4432 4430 188 }   support: 0.805856  frequency: 10118144
501th: 7 { 4438 4436 4430 4428 4404 3404 188 }   support: 0.805856  frequency: 10118144
502th: 8 { 7112 4940 4438 4434 4432 4404 3404 170 }   support: 0.805856  frequency: 10118144
503th: 8 { 4940 4438 4434 4432 184 180 170 17 }   support: 0.805856  frequency: 10118144
504th: 10 { 7102 7092 4940 4438 4436 4434 4428 184 180 170 }   support: 0.805856  frequency: 10118144
505th: 11 { 7092 7062 4940 4438 4432 4430 4428 188 184 180 170 }   support: 0.805835  frequency: 10117888
506th: 10 { 4438 4436 4434 4432 4404 3404 188 184 180 170 }   support: 0.805835  frequency: 10117888
507th: 8 { 7092 4438 4436 4434 4426 4404 3404 170 }   support: 0.805835  frequency: 10117888
508th: 9 { 7112 7092 4940 4438 4434 4430 4428 4426 170 }   support: 0.805835  frequency: 10117888
509th: 9 { 7062 4940 4438 4436 4434 4404 3404 188 170 }   support: 0.805835  frequency: 10117888
510th: 9 { 4438 4434 4432 4430 4428 4426 4404 3404 170 }   support: 0.805835  frequency: 10117888
511th: 8 { 7112 7062 4438 4434 4432 4426 265 260 }   support: 0.805835  frequency: 10117888
512th: 5 { 7112 4438 4432 4428 17 }   support: 0.805835  frequency: 10117888
513th: 9 { 7062 4940 4438 4434 4432 4428 265 260 188 }   support: 0.805815  frequency: 10117632
514th: 7 { 7102 4438 4436 4432 265 260 170 }   support: 0.805815  frequency: 10117632
515th: 10 { 7092 4940 4438 4434 4426 4404 3404 184 180 170 }   support: 0.805795  frequency: 10117376
516th: 9 { 4438 4434 4432 4430 4428 4426 265 260 170 }   support: 0.805795  frequency: 10117376
517th: 7 { 7102 7092 4438 4436 4434 4432 188 }   support: 0.805795  frequency: 10117376
518th: 11 { 7112 7092 7062 4940 4438 4436 4428 4426 184 180 170 }   support: 0.805795  frequency: 10117376
519th: 6 { 7102 4438 4434 265 260 188 }   support: 0.805795  frequency: 10117376
520th: 7 { 7112 7102 7092 4438 4436 4426 170 }   support: 0.805795  frequency: 10117376
521th: 8 { 7102 4940 4438 265 260 184 180 170 }   support: 0.805795  frequency: 10117376
522th: 8 { 7092 7062 4438 4436 4434 4426 4404 3404 }   support: 0.805795  frequency: 10117376
523th: 7 { 7092 7062 4438 4434 4432 170 17 }   support: 0.805795  frequency: 10117376
524th: 8 { 7092 4438 265 260 184 180 170 17 }   support: 0.805774  frequency: 10117120
525th: 10 { 4438 4434 4428 4426 4404 3404 265 260 188 170 }   support: 0.805774  frequency: 10117120
526th: 10 { 7112 7092 7062 4438 4436 4428 188 184 180 170 }   support: 0.805774  frequency: 10117120
527th: 11 { 7102 7092 7062 4438 4436 4434 4428 4426 184 180 170 }   support: 0.805774  frequency: 10117120
528th: 8 { 7062 4438 4436 4434 184 180 170 17 }   support: 0.805774  frequency: 10117120
529th: 7 { 7112 7102 7092 4438 4436 4432 4428 }   support: 0.805754  frequency: 10116864
530th: 8 { 7062 4940 4438 4436 4426 4404 3404 188 }   support: 0.805754  frequency: 10116864
531th: 9 { 7092 4940 4438 4432 4428 4404 3404 188 170 }   support: 0.805754  frequency: 10116864
532th: 10 { 4438 4434 4432 4428 4426 4404 3404 265 260 170 }   support: 0.805733  frequency: 10116608
533th: 10 { 7062 4438 4434 4432 4428 4426 265 260 188 170 }   support: 0.805733  frequency: 10116608
534th: 10 { 7092 4438 4434 4432 265 260 188 184 180 170 }   support: 0.805733  frequency: 10116608
535th: 7 { 7102 7092 7062 4438 4436 4426 188 }   support: 0.805733  frequency: 10116608
536th: 10 { 7102 7062 4438 4436 4428 4426 188 184 180 170 }   support: 0.805733  frequency: 10116608
537th: 9 { 7112 7092 4438 4434 4432 4428 4426 188 170 }   support: 0.805713  frequency: 10116352
538th: 8 { 7112 7092 7062 4940 4438 4428 265 260 }   support: 0.805713  frequency: 10116352
539th: 9 { 7112 7062 4438 4404 3404 265 260 188 170 }   support: 0.805713  frequency: 10116352
540th: 9 { 7102 7092 7062 4940 4438 4436 4432 4428 170 }   support: 0.805713  frequency: 10116352
541th: 7 { 4940 4438 4432 4428 4426 170 17 }   support: 0.805713  frequency: 10116352
542th: 9 { 7102 7092 7062 4438 4430 4428 4426 184 180 }   support: 0.805713  frequency: 10116352
543th: 9 { 7092 7062 4940 4438 4434 4430 4428 4426 188 }   support: 0.805713  frequency: 10116352
544th: 6 { 7112 7062 4438 4428 4426 17 }   support: 0.805693  frequency: 10116096
545th: 9 { 7092 7062 4940 4438 4434 4428 4404 3404 188 }   support: 0.805693  frequency: 10116096
546th: 10 { 4940 4438 4436 4428 4426 265 260 184 180 170 }   support: 0.805693  frequency: 10116096
547th: 8 { 7102 7092 7062 4438 4436 4432 4430 170 }   support: 0.805672  frequency: 10115840
548th: 9 { 7062 4438 4430 4428 4426 265 260 188 170 }   support: 0.805672  frequency: 10115840
549th: 10 { 4940 4438 4436 4428 4426 4404 3404 184 180 170 }   support: 0.805672  frequency: 10115840
550th: 10 { 7062 4438 4434 4432 4426 4404 3404 265 260 170 }   support: 0.805652  frequency: 10115584
551th: 8 { 7112 7102 7062 4438 4436 4434 4432 4426 }   support: 0.805652  frequency: 10115584
552th: 10 { 7092 7062 4940 4438 4428 4404 3404 265 260 170 }   support: 0.805652  frequency: 10115584
553th: 8 { 7112 4438 4434 4432 4428 4426 4404 3404 }   support: 0.805652  frequency: 10115584
554th: 8 { 7062 4940 4438 4430 4428 265 260 188 }   support: 0.805631  frequency: 10115328
555th: 10 { 7092 4940 4438 4434 4426 265 260 184 180 170 }   support: 0.805631  frequency: 10115328
556th: 6 { 7112 7062 4438 4434 170 17 }   support: 0.805631  frequency: 10115328
557th: 8 { 4940 4438 4430 4428 4404 3404 265 260 }   support: 0.805611  frequency: 10115072
558th: 8 { 7102 7062 4940 4438 4436 4432 188 170 }   support: 0.805611  frequency: 10115072
559th: 9 { 7112 7092 7062 4438 4434 4432 4426 188 170 }   support: 0.805611  frequency: 10115072
560th: 8 { 7112 4438 4434 4432 4426 4404 3404 170 }   support: 0.805591  frequency: 10114816
561th: 9 { 7112 4940 4438 4434 4430 188 184 180 170 }   support: 0.805591  frequency: 10114816
562th: 9 { 4438 4430 4428 4426 4404 3404 265 260 170 }   support: 0.805591  frequency: 10114816
563th: 9 { 4438 4436 4428 4404 3404 265 260 188 170 }   support: 0.805591  frequency: 10114816
564th: 7 { 7112 7092 4940 4438 4426 265 260 }   support: 0.805591  frequency: 10114816
565th: 11 { 4940 4438 4434 4432 4430 4428 4426 188 184 180 170 }   support: 0.805591  frequency: 10114816
566th: 7 { 7062 4940 4438 4434 4426 170 17 }   support: 0.80557  frequency: 10114560
567th: 7 { 7102 4438 4434 4404 3404 188 170 }   support: 0.80557  frequency: 10114560
568th: 7 { 4940 4438 4436 4426 265 260 188 }   support: 0.80557  frequency: 10114560
569th: 8 { 4940 4438 4432 4430 4404 3404 188 170 }   support: 0.80557  frequency: 10114560
570th: 9 { 7062 4940 4438 4436 4430 4428 4426 188 170 }   support: 0.80555  frequency: 10114304
571th: 8 { 7112 7092 4438 4432 4430 4428 188 170 }   support: 0.80555  frequency: 10114304
572th: 10 { 7112 4438 4428 4404 3404 265 260 184 180 170 }   support: 0.80555  frequency: 10114304
573th: 8 { 4438 4436 4432 4404 3404 265 260 188 }   support: 0.80555  frequency: 10114304
574th: 8 { 7112 7102 4940 4438 4436 4434 4428 170 }   support: 0.80555  frequency: 10114304
575th: 10 { 7062 4438 4436 4432 265 260 188 184 180 170 }   support: 0.80553  frequency: 10114048
576th: 7 { 7112 7062 4438 4434 4430 265 260 }   support: 0.80553  frequency: 10114048
577th: 8 { 7102 7092 7062 4438 4436 4432 4430 4428 }   support: 0.80553  frequency: 10114048
578th: 8 { 7112 7092 7062 4438 4404 3404 265 260 }   support: 0.80553  frequency: 10114048
579th: 8 { 7112 7062 4940 4438 4434 4432 4404 3404 }   support: 0.80553  frequency: 10114048
580th: 7 { 7102 7092 7062 4940 4438 4436 188 }   support: 0.805509  frequency: 10113792
581th: 5 { 7082 4438 4434 4432 4426 }   support: 0.805509  frequency: 10113792
582th: 7 { 7062 4438 4432 4428 4404 3404 17 }   support: 0.805509  frequency: 10113792
583th: 10 { 7092 7062 4438 4434 4432 4430 4428 4426 188 170 }   support: 0.805489  frequency: 10113536
584th: 8 { 7112 7092 7062 4438 4434 4430 188 170 }   support: 0.805489  frequency: 10113536
585th: 7 { 4438 4426 265 260 188 170 17 }   support: 0.805489  frequency: 10113536
586th: 8 { 7112 7102 7092 7062 4438 4432 4428 170 }   support: 0.805489  frequency: 10113536
587th: 8 { 7112 7092 4438 4432 4428 265 260 170 }   support: 0.805489  frequency: 10113536
588th: 8 { 7102 7092 4438 4436 4432 4430 184 180 }   support: 0.805489  frequency: 10113536
589th: 10 { 7092 7062 4438 4436 4434 4432 4428 4426 188 170 }   support: 0.805468  frequency: 10113280
590th: 10 { 7062 4940 4438 4434 4432 4404 3404 265 260 170 }   support: 0.805468  frequency: 10113280
591th: 7 { 7112 7092 4438 4434 4432 4430 188 }   support: 0.805468  frequency: 10113280
592th: 9 { 7102 7062 4438 4434 4432 4426 188 184 180 }   support: 0.805448  frequency: 10113024
593th: 10 { 7092 7062 4438 4432 4428 4404 3404 265 260 170 }   support: 0.805448  frequency: 10113024
594th: 9 { 7112 7092 4438 4436 4426 188 184 180 170 }   support: 0.805448  frequency: 10113024
595th: 8 { 7112 7062 4438 4434 4432 4426 4404 3404 }   support: 0.805428  frequency: 10112768
596th: 8 { 7062 4438 4436 4434 4430 265 260 170 }   support: 0.805428  frequency: 10112768
597th: 9 { 7102 7092 7062 4940 4438 4432 4428 4426 170 }   support: 0.805428  frequency: 10112768
598th: 5 { 7092 4438 4436 4434 17 }   support: 0.805428  frequency: 10112768
599th: 4 { 7102 7062 4438 17 }   support: 0.805407  frequency: 10112512
600th: 9 { 7102 4940 4438 4436 4428 188 184 180 170 }   support: 0.805407  frequency: 10112512
601th: 10 { 7062 4438 4434 4432 4428 4426 4404 3404 265 260 }   support: 0.805407  frequency: 10112512
602th: 7 { 7112 4438 4432 4430 4428 4404 3404 }   support: 0.805407  frequency: 10112512
603th: 6 { 7112 7062 4940 4438 170 17 }   support: 0.805407  frequency: 10112512
604th: 9 { 4940 4438 4434 4428 4404 3404 265 260 188 }   support: 0.805407  frequency: 10112512
605th: 7 { 7102 7092 4940 4438 4432 4430 170 }   support: 0.805407  frequency: 10112512
606th: 11 { 4940 4438 4434 4432 4428 4426 4404 3404 184 180 170 }   support: 0.805407  frequency: 10112512
607th: 8 { 7112 7102 7062 4940 4438 4434 4432 4428 }   support: 0.805407  frequency: 10112512
608th: 8 { 7062 4438 4436 4434 4430 4404 3404 170 }   support: 0.805387  frequency: 10112256
609th: 6 { 7102 7092 4438 4436 265 260 }   support: 0.805387  frequency: 10112256
610th: 9 { 7092 7062 4940 4438 4434 4404 3404 265 260 }   support: 0.805387  frequency: 10112256
611th: 9 { 7102 4438 4436 4434 4432 4428 188 184 180 }   support: 0.805387  frequency: 10112256
612th: 8 { 7092 4940 4438 4434 4428 265 260 188 }   support: 0.805387  frequency: 10112256
613th: 9 { 7092 4940 4438 4426 4404 3404 265 260 170 }   support: 0.805387  frequency: 10112256
614th: 9 { 7112 7102 7062 4940 4438 4436 4434 184 180 }   support: 0.805387  frequency: 10112256
615th: 8 { 7102 4940 4438 4436 4432 4430 4428 170 }   support: 0.805366  frequency: 10112000
616th: 10 { 4940 4438 4430 4428 4426 4404 3404 184 180 170 }   support: 0.805366  frequency: 10112000
617th: 8 { 7082 7062 4438 4434 4428 184 180 170 }   support: 0.805366  frequency: 10112000
618th: 7 { 7112 7092 4438 4434 4426 265 260 }   support: 0.805366  frequency: 10112000
619th: 9 { 7102 7062 4438 4436 4434 4432 4428 188 170 }   support: 0.805346  frequency: 10111744
620th: 11 { 7092 7062 4940 4438 4436 4430 4428 4426 184 180 170 }   support: 0.805346  frequency: 10111744
621th: 7 { 7112 4438 4434 4430 265 260 170 }   support: 0.805326  frequency: 10111488
622th: 7 { 7062 4940 4438 4428 4404 3404 17 }   support: 0.805326  frequency: 10111488
623th: 4 { 7112 4438 4436 17 }   support: 0.805305  frequency: 10111232
624th: 9 { 7092 7062 4438 4436 4432 4430 188 184 180 }   support: 0.805305  frequency: 10111232
625th: 9 { 7112 4438 4436 4428 265 260 184 180 170 }   support: 0.805285  frequency: 10110976
626th: 5 { 7082 7062 4438 4430 170 }   support: 0.805285  frequency: 10110976
627th: 8 { 7112 7092 7062 4438 4432 4428 265 260 }   support: 0.805285  frequency: 10110976
628th: 10 { 7102 7092 4940 4438 4434 4432 4428 184 180 170 }   support: 0.805285  frequency: 10110976
629th: 9 { 7092 4940 4438 4434 4430 4428 4426 188 170 }   support: 0.805264  frequency: 10110720
630th: 9 { 4940 4438 4434 4432 4426 4404 3404 188 170 }   support: 0.805264  frequency: 10110720
631th: 7 { 7102 7092 4438 4436 4426 188 170 }   support: 0.805264  frequency: 10110720
632th: 8 { 7092 4940 4438 4434 4432 4426 4404 3404 }   support: 0.805244  frequency: 10110464
633th: 8 { 7092 4940 4438 4434 4432 4426 265 260 }   support: 0.805244  frequency: 10110464
634th: 9 { 7062 4438 4432 4430 4428 265 260 188 170 }   support: 0.805244  frequency: 10110464
635th: 9 { 7112 7092 4438 4436 4432 4430 4428 184 180 }   support: 0.805244  frequency: 10110464
636th: 7 { 7102 7092 4940 4438 4436 188 170 }   support: 0.805244  frequency: 10110464
637th: 8 { 7112 7092 7062 4940 4438 4428 4404 3404 }   support: 0.805244  frequency: 10110464
638th: 6 { 7102 4438 4432 4426 4404 3404 }   support: 0.805224  frequency: 10110208
639th: 10 { 4940 4438 4436 4434 4428 4404 3404 184 180 170 }   support: 0.805224  frequency: 10110208
640th: 7 { 7102 7062 4438 4434 4404 3404 188 }   support: 0.805224  frequency: 10110208
641th: 11 { 7062 4940 4438 4434 4428 265 260 188 184 180 170 }   support: 0.805224  frequency: 10110208
642th: 9 { 7112 7062 4940 4438 4436 4428 4426 188 170 }   support: 0.805203  frequency: 10109952
643th: 8 { 7102 7092 7062 4940 4438 4430 4428 170 }   support: 0.805203  frequency: 10109952
644th: 9 { 7102 7062 4940 4438 4428 4426 188 184 180 }   support: 0.805203  frequency: 10109952
645th: 7 { 7102 7092 4438 4436 4428 4426 188 }   support: 0.805203  frequency: 10109952
646th: 10 { 4940 4438 4430 4428 4426 265 260 184 180 170 }   support: 0.805203  frequency: 10109952
647th: 9 { 7092 7062 4940 4438 4426 265 260 188 170 }   support: 0.805183  frequency: 10109696
648th: 8 { 7062 4940 4438 4432 4430 4404 3404 188 }   support: 0.805183  frequency: 10109696
649th: 8 { 7112 7092 7062 4438 4434 4430 4428 188 }   support: 0.805183  frequency: 10109696
650th: 7 { 7102 7092 4940 4438 4432 4430 4428 }   support: 0.805183  frequency: 10109696
651th: 8 { 7102 4438 4434 4430 188 184 180 170 }   support: 0.805183  frequency: 10109696
652th: 9 { 4438 4432 4430 4428 4404 3404 265 260 170 }   support: 0.805163  frequency: 10109440
653th: 6 { 7082 7062 4438 4432 4428 4426 }   support: 0.805163  frequency: 10109440
654th: 10 { 4438 4432 4428 4426 4404 3404 265 260 188 170 }   support: 0.805163  frequency: 10109440
655th: 9 { 7112 7102 7092 4438 4434 4428 184 180 170 }   support: 0.805163  frequency: 10109440
656th: 9 { 7062 4438 4436 4428 4404 3404 265 260 188 }   support: 0.805163  frequency: 10109440
657th: 8 { 7112 7092 4940 4438 4436 4430 4428 170 }   support: 0.805163  frequency: 10109440
658th: 11 { 7062 4940 4438 4434 4432 4426 4404 3404 184 180 170 }   support: 0.805163  frequency: 10109440
659th: 8 { 7062 4438 4436 4432 4430 265 260 170 }   support: 0.805163  frequency: 10109440
660th: 8 { 7082 7062 4438 4436 4426 184 180 170 }   support: 0.805142  frequency: 10109184
661th: 9 { 7112 4438 4432 265 260 188 184 180 170 }   support: 0.805142  frequency: 10109184
662th: 8 { 7092 4940 4438 4436 4404 3404 188 170 }   support: 0.805142  frequency: 10109184
663th: 8 { 7112 7102 4438 4428 188 184 180 170 }   support: 0.805142  frequency: 10109184
664th: 9 { 7112 7102 4438 4434 4432 4426 184 180 170 }   support: 0.805142  frequency: 10109184
665th: 8 { 4940 4438 4436 4434 265 260 188 170 }   support: 0.805142  frequency: 10109184
666th: 8 { 7112 7102 4438 4436 4434 4432 4428 4426 }   support: 0.805142  frequency: 10109184
667th: 10 { 7112 4940 4438 4434 4432 4428 4426 188 184 180 }   support: 0.805142  frequency: 10109184
668th: 11 { 4940 4438 4434 4432 4428 4426 265 260 184 180 170 }   support: 0.805122  frequency: 10108928
669th: 10 { 7112 7062 4940 4438 4434 265 260 184 180 170 }   support: 0.805122  frequency: 10108928
670th: 11 { 7062 4438 4436 4434 4428 4426 4404 3404 184 180 170 }   support: 0.805101  frequency: 10108672
671th: 7 { 7112 7092 4940 4438 4432 265 260 }   support: 0.805101  frequency: 10108672
672th: 8 { 7102 7062 4438 4434 4428 4404 3404 170 }   support: 0.805101  frequency: 10108672
673th: 10 { 4940 4438 4428 4426 4404 3404 265 260 188 170 }   support: 0.805101  frequency: 10108672
674th: 9 { 7102 4940 4438 4432 4428 188 184 180 170 }   support: 0.805101  frequency: 10108672
675th: 7 { 7112 7092 4940 4438 4426 4404 3404 }   support: 0.805101  frequency: 10108672
676th: 9 { 4940 4438 4432 4428 4404 3404 265 260 188 }   support: 0.805101  frequency: 10108672
677th: 9 { 7092 7062 4940 4438 4432 4428 4404 3404 188 }   support: 0.805081  frequency: 10108416
678th: 9 { 7112 7092 4438 4436 4430 4428 4426 184 180 }   support: 0.805081  frequency: 10108416
679th: 9 { 7112 7092 7062 4940 4438 4436 4432 4426 170 }   support: 0.805081  frequency: 10108416
680th: 8 { 7112 7102 7062 4940 4438 4434 4428 4426 }   support: 0.805081  frequency: 10108416
681th: 11 { 4440 4438 4436 4434 4432 4430 4428 4426 4414 188 170 }   support: 0.805081  frequency: 10108416
682th: 10 { 7102 7092 7062 4940 4438 4436 4434 4428 184 180 }   support: 0.805081  frequency: 10108416
683th: 9 { 7062 4438 4430 4428 4426 4404 3404 265 260 }   support: 0.805061  frequency: 10108160
684th: 6 { 4940 4438 4434 4404 3404 17 }   support: 0.805061  frequency: 10108160
685th: 10 { 4940 4438 4432 4430 4428 4404 3404 184 180 170 }   support: 0.805061  frequency: 10108160
686th: 11 { 7062 4940 4438 4436 4434 4432 4426 188 184 180 170 }   support: 0.805061  frequency: 10108160
687th: 8 { 7102 7062 4940 4438 4436 4434 4432 4430 }   support: 0.805061  frequency: 10108160
688th: 9 { 7112 7092 7062 4438 4436 4432 188 184 180 }   support: 0.805061  frequency: 10108160
689th: 7 { 4438 4428 4404 3404 3403 188 170 }   support: 0.805061  frequency: 10108160
690th: 9 { 4438 4404 3404 265 260 184 180 170 17 }   support: 0.80504  frequency: 10107904
691th: 9 { 7062 4438 4432 4430 4428 4404 3404 265 260 }   support: 0.80504  frequency: 10107904
692th: 10 { 7062 4940 4438 4426 4404 3404 265 260 188 170 }   support: 0.80504  frequency: 10107904
693th: 5 { 7102 4438 4430 4404 3404 }   support: 0.80504  frequency: 10107904
694th: 13 { 7092 7062 4440 4438 4436 4434 4432 4430 4428 4426 4414 184 180 }   support: 0.80504  frequency: 10107904
695th: 9 { 7102 7062 4438 4436 4434 4428 4426 188 170 }   support: 0.80502  frequency: 10107648
696th: 10 { 7062 4438 4434 4428 4426 4404 3404 265 260 188 }   support: 0.80502  frequency: 10107648
697th: 9 { 7102 7062 4438 4436 265 260 184 180 170 }   support: 0.80502  frequency: 10107648
698th: 8 { 7102 4438 4426 4404 3404 184 180 170 }   support: 0.80502  frequency: 10107648
699th: 9 { 7112 7092 4940 4438 4436 4432 4428 4426 170 }   support: 0.80502  frequency: 10107648
700th: 8 { 7102 7062 4940 4438 4436 4434 4428 188 }   support: 0.80502  frequency: 10107648
701th: 10 { 4940 4438 4432 4430 4428 265 260 184 180 170 }   support: 0.80502  frequency: 10107648
702th: 10 { 7112 7062 4438 4432 4404 3404 188 184 180 170 }   support: 0.80502  frequency: 10107648
703th: 8 { 7102 7062 4940 4438 4436 4430 4428 4426 }   support: 0.80502  frequency: 10107648
704th: 9 { 7102 4438 4434 4432 4428 4426 188 184 180 }   support: 0.80502  frequency: 10107648
705th: 10 { 4940 4438 4436 4434 4428 265 260 184 180 170 }   support: 0.804999  frequency: 10107392
706th: 8 { 4940 4438 4436 4428 4426 4404 3404 188 }   support: 0.804999  frequency: 10107392
707th: 8 { 4438 4436 4434 4426 265 260 188 170 }   support: 0.804999  frequency: 10107392
708th: 6 { 7112 7092 4438 4430 265 260 }   support: 0.804999  frequency: 10107392
709th: 6 { 4438 4434 4404 3404 3403 188 }   support: 0.804999  frequency: 10107392
710th: 8 { 7112 7102 4438 4434 4430 184 180 170 }   support: 0.804979  frequency: 10107136
711th: 7 { 7112 7062 4438 4434 4430 4404 3404 }   support: 0.804979  frequency: 10107136
712th: 5 { 7082 7062 4438 4436 4430 }   support: 0.804979  frequency: 10107136
713th: 9 { 7092 4940 4438 4428 4426 265 260 188 170 }   support: 0.804979  frequency: 10107136
714th: 11 { 7112 7062 4438 4436 4434 4432 4430 4428 184 180 170 }   support: 0.804979  frequency: 10107136
715th: 9 { 7102 7062 4940 4438 4436 4434 188 184 180 }   support: 0.804979  frequency: 10107136
716th: 11 { 7112 7092 7062 4438 4434 4428 4426 188 184 180 170 }   support: 0.804959  frequency: 10106880
717th: 8 { 7092 7062 4438 4436 4432 4404 3404 188 }   support: 0.804959  frequency: 10106880
718th: 10 { 7102 4438 4434 4432 4430 4428 4426 184 180 170 }   support: 0.804959  frequency: 10106880
719th: 8 { 4438 4432 265 260 184 180 170 17 }   support: 0.804959  frequency: 10106880
720th: 8 { 7112 7092 7062 4438 4436 4434 4432 188 }   support: 0.804959  frequency: 10106880
721th: 11 { 7062 4940 4438 4434 4432 4426 265 260 184 180 170 }   support: 0.804959  frequency: 10106880
722th: 11 { 7062 4940 4438 4432 4428 265 260 188 184 180 170 }   support: 0.804959  frequency: 10106880
723th: 8 { 7102 7092 7062 4438 4432 4430 4428 4426 }   support: 0.804938  frequency: 10106624
724th: 10 { 7092 4940 4438 4436 4434 4426 188 184 180 170 }   support: 0.804938  frequency: 10106624
725th: 6 { 7102 4940 4438 4436 4404 3404 }   support: 0.804938  frequency: 10106624
726th: 9 { 7112 7092 7062 4438 4436 4432 4430 4428 170 }   support: 0.804938  frequency: 10106624
727th: 6 { 7102 7082 7062 4438 4436 4426 }   support: 0.804938  frequency: 10106624
728th: 8 { 7112 7102 4438 4434 188 184 180 170 }   support: 0.804938  frequency: 10106624
729th: 6 { 7112 7102 7092 4438 4430 4428 }   support: 0.804938  frequency: 10106624
730th: 10 { 7112 4438 4436 4434 4432 4428 188 184 180 170 }   support: 0.804938  frequency: 10106624
731th: 8 { 7112 7102 7092 7062 4438 4436 4434 4428 }   support: 0.804938  frequency: 10106624
732th: 6 { 4438 4432 4426 4404 3404 17 }   support: 0.804938  frequency: 10106624
733th: 9 { 4438 4428 4426 4404 3404 184 180 170 17 }   support: 0.804938  frequency: 10106624
734th: 10 { 4438 4436 4432 4404 3404 265 260 184 180 170 }   support: 0.804918  frequency: 10106368
735th: 7 { 7102 7082 7062 4438 4428 184 180 }   support: 0.804918  frequency: 10106368
736th: 7 { 7112 7092 4438 4434 4426 4404 3404 }   support: 0.804918  frequency: 10106368
737th: 10 { 7112 7062 4940 4438 4434 4432 4426 188 184 180 }   support: 0.804918  frequency: 10106368
738th: 6 { 7082 7062 4438 4432 4426 170 }   support: 0.804918  frequency: 10106368
739th: 8 { 7082 7062 4438 4428 4426 184 180 170 }   support: 0.804918  frequency: 10106368
740th: 9 { 7092 4438 4434 4426 4404 3404 265 260 170 }   support: 0.804918  frequency: 10106368
741th: 9 { 7102 7092 7062 4438 4434 4428 188 184 180 }   support: 0.804918  frequency: 10106368
742th: 10 { 7112 4438 4432 4430 4428 4426 188 184 180 170 }   support: 0.804918  frequency: 10106368
743th: 11 { 7062 4438 4436 4434 4428 4426 265 260 184 180 170 }   support: 0.804897  frequency: 10106112
744th: 8 { 7112 7092 4438 4432 4428 4404 3404 170 }   support: 0.804897  frequency: 10106112
745th: 10 { 7102 7092 4940 4438 4434 4428 4426 184 180 170 }   support: 0.804897  frequency: 10106112
746th: 10 { 7102 7062 4438 4432 4428 4426 188 184 180 170 }   support: 0.804897  frequency: 10106112
747th: 11 { 4940 4438 4434 4428 4404 3404 265 260 184 180 170 }   support: 0.804877  frequency: 10105856
748th: 6 { 4438 4436 4432 4428 170 17 }   support: 0.804877  frequency: 10105856
749th: 7 { 7112 4438 4434 4430 4404 3404 170 }   support: 0.804877  frequency: 10105856
750th: 9 { 7112 7102 4940 4438 4428 4426 184 180 170 }   support: 0.804877  frequency: 10105856
751th: 7 { 7112 7102 4940 4438 4436 4434 4426 }   support: 0.804877  frequency: 10105856
752th: 9 { 7092 7062 4438 4436 4428 4404 3404 188 170 }   support: 0.804877  frequency: 10105856
753th: 7 { 7102 4438 4436 4430 4428 188 170 }   support: 0.804877  frequency: 10105856
754th: 10 { 7092 4940 4438 4436 4434 4432 4430 4428 184 180 }   support: 0.804877  frequency: 10105856
755th: 10 { 7092 7062 4940 4438 4436 4434 4432 4430 4428 170 }   support: 0.804857  frequency: 10105600
756th: 8 { 7102 7092 4438 4434 4430 4428 4426 170 }   support: 0.804857  frequency: 10105600
757th: 5 { 7112 4438 4426 188 17 }   support: 0.804857  frequency: 10105600
758th: 9 { 4940 4438 4434 4432 4428 4426 4404 3404 188 }   support: 0.804857  frequency: 10105600
759th: 7 { 7092 4940 4438 4428 4426 170 17 }   support: 0.804857  frequency: 10105600
760th: 7 { 7062 4438 4434 4404 3404 3403 170 }   support: 0.804857  frequency: 10105600
761th: 8 { 7092 4438 4436 4432 4404 3404 188 170 }   support: 0.804857  frequency: 10105600
762th: 8 { 7082 4438 4436 4434 4428 184 180 170 }   support: 0.804857  frequency: 10105600
763th: 9 { 7092 4940 4438 4430 265 260 184 180 170 }   support: 0.804857  frequency: 10105600
764th: 10 { 7102 7092 7062 4940 4438 4434 4426 184 180 170 }   support: 0.804836  frequency: 10105344
765th: 9 { 7092 4940 4438 4430 4404 3404 184 180 170 }   support: 0.804836  frequency: 10105344
766th: 10 { 7092 7062 4438 4436 4426 265 260 184 180 170 }   support: 0.804836  frequency: 10105344
767th: 9 { 7092 7062 4438 4434 4426 265 260 188 170 }   support: 0.804836  frequency: 10105344
768th: 11 { 7062 4940 4438 4434 4426 4404 3404 188 184 180 170 }   support: 0.804836  frequency: 10105344
769th: 9 { 4438 4436 4434 4428 4426 4404 3404 188 170 }   support: 0.804836  frequency: 10105344
770th: 13 { 7092 4440 4438 4436 4434 4432 4430 4428 4426 4414 184 180 170 }   support: 0.804836  frequency: 10105344
771th: 9 { 7112 4940 4438 4432 4430 4428 188 184 180 }   support: 0.804836  frequency: 10105344
772th: 7 { 7112 7092 4438 4432 4404 3404 188 }   support: 0.804816  frequency: 10105088
773th: 8 { 7102 7062 4940 4438 4434 4432 4428 188 }   support: 0.804816  frequency: 10105088
774th: 8 { 7092 4438 4436 4434 4428 4426 265 260 }   support: 0.804816  frequency: 10105088
775th: 7 { 7112 7102 7062 4438 4432 188 170 }   support: 0.804816  frequency: 10105088
776th: 10 { 7112 7092 4940 4438 4436 4434 4426 184 180 170 }   support: 0.804816  frequency: 10105088
777th: 8 { 7062 4438 4436 4432 4430 4404 3404 170 }   support: 0.804816  frequency: 10105088
778th: 8 { 7092 4940 4438 4432 4428 265 260 188 }   support: 0.804816  frequency: 10105088
779th: 10 { 7112 7102 7062 4438 4436 4428 4426 184 180 170 }   support: 0.804816  frequency: 10105088
780th: 10 { 7092 7062 4438 4434 4428 4426 4404 3404 188 170 }   support: 0.804816  frequency: 10105088
781th: 9 { 7062 4438 4404 3404 3403 188 184 180 170 }   support: 0.804795  frequency: 10104832
782th: 11 { 7112 7092 7062 4940 4438 4428 4426 188 184 180 170 }   support: 0.804795  frequency: 10104832
783th: 7 { 7112 4438 4436 4432 4428 265 260 }   support: 0.804775  frequency: 10104576
784th: 10 { 7102 7062 4438 4434 4432 4430 4428 4426 184 180 }   support: 0.804775  frequency: 10104576
785th: 10 { 7112 7062 4940 4438 4434 4404 3404 184 180 170 }   support: 0.804775  frequency: 10104576
786th: 7 { 7102 4438 4436 4434 4428 265 260 }   support: 0.804775  frequency: 10104576
787th: 10 { 7062 4438 4432 4426 4404 3404 265 260 188 170 }   support: 0.804775  frequency: 10104576
788th: 6 { 7112 7102 7092 4438 4430 170 }   support: 0.804775  frequency: 10104576
789th: 9 { 7112 7062 4940 4438 4436 4434 4428 188 170 }   support: 0.804755  frequency: 10104320
790th: 8 { 7092 4438 4436 4434 4428 4426 4404 3404 }   support: 0.804755  frequency: 10104320
791th: 6 { 7102 4438 4434 4430 4426 188 }   support: 0.804755  frequency: 10104320
792th: 9 { 7062 4438 4430 4404 3404 265 260 188 170 }   support: 0.804755  frequency: 10104320
793th: 7 { 7102 4438 4430 4426 188 184 180 }   support: 0.804755  frequency: 10104320
794th: 7 { 7062 4940 4438 4432 4426 170 17 }   support: 0.804755  frequency: 10104320
795th: 7 { 7092 7082 4438 4428 184 180 170 }   support: 0.804755  frequency: 10104320
796th: 6 { 4438 4436 4404 3404 170 17 }   support: 0.804755  frequency: 10104320
797th: 8 { 7112 7092 7062 4438 4436 4432 4428 188 }   support: 0.804734  frequency: 10104064
798th: 6 { 7062 4438 4436 4432 4428 17 }   support: 0.804734  frequency: 10104064
799th: 6 { 7102 7092 7062 4438 4430 188 }   support: 0.804734  frequency: 10104064
800th: 7 { 7062 4940 4438 4434 4428 4426 17 }   support: 0.804734  frequency: 10104064
801th: 7 { 7112 7102 4438 4434 4432 4430 4428 }   support: 0.804734  frequency: 10104064
802th: 7 { 7092 4438 4428 4404 3404 170 17 }   support: 0.804734  frequency: 10104064
803th: 8 { 7062 4438 4436 4434 4426 265 260 188 }   support: 0.804734  frequency: 10104064
804th: 10 { 7102 7062 4940 4438 4434 4430 4428 184 180 170 }   support: 0.804734  frequency: 10104064
805th: 11 { 7112 7092 7062 4940 4438 4430 4428 4426 184 180 170 }   support: 0.804734  frequency: 10104064
806th: 11 { 4940 4438 4432 4428 4404 3404 265 260 184 180 170 }   support: 0.804714  frequency: 10103808
807th: 9 { 7112 7062 4438 4434 4428 4404 3404 188 170 }   support: 0.804714  frequency: 10103808
808th: 9 { 7092 4438 4436 4432 4428 265 260 184 180 }   support: 0.804714  frequency: 10103808
809th: 9 { 7112 4438 4436 4428 4404 3404 184 180 170 }   support: 0.804714  frequency: 10103808
810th: 9 { 7062 4438 4436 4434 4428 4426 4404 3404 188 }   support: 0.804714  frequency: 10103808
811th: 9 { 7062 4438 4426 4404 3404 184 180 170 17 }   support: 0.804714  frequency: 10103808
812th: 9 { 7062 4438 4434 4432 4430 4404 3404 188 170 }   support: 0.804714  frequency: 10103808
813th: 8 { 7092 4940 4438 4434 4426 4404 3404 188 }   support: 0.804714  frequency: 10103808
814th: 7 { 7102 7092 7062 4940 4438 4436 4430 }   support: 0.804714  frequency: 10103808
815th: 6 { 7082 7062 4438 4436 4432 4426 }   support: 0.804714  frequency: 10103808
816th: 8 { 4438 4436 4434 4426 4404 3404 265 260 }   support: 0.804714  frequency: 10103808
817th: 8 { 7112 4940 4438 4434 4404 3404 188 170 }   support: 0.804714  frequency: 10103808
818th: 8 { 7102 7062 4438 4436 4434 265 260 170 }   support: 0.804714  frequency: 10103808
819th: 11 { 4940 4438 4434 4428 4426 4404 3404 188 184 180 170 }   support: 0.804714  frequency: 10103808
820th: 9 { 7112 7102 4940 4438 4436 4428 184 180 170 }   support: 0.804694  frequency: 10103552
821th: 8 { 7092 7062 4438 4434 4432 4430 265 260 }   support: 0.804694  frequency: 10103552
822th: 8 { 7112 7092 7062 4438 4432 4428 4404 3404 }   support: 0.804694  frequency: 10103552
823th: 8 { 4940 4438 4436 4434 4404 3404 265 260 }   support: 0.804694  frequency: 10103552
824th: 8 { 4940 4438 4430 4428 4426 4404 3404 188 }   support: 0.804694  frequency: 10103552
825th: 8 { 4940 4438 4434 4430 4428 4426 4404 3404 }   support: 0.804694  frequency: 10103552
826th: 10 { 4940 4438 4434 4426 265 260 188 184 180 170 }   support: 0.804673  frequency: 10103296
827th: 11 { 7102 7092 7062 4438 4434 4432 4428 4426 184 180 170 }   support: 0.804673  frequency: 10103296
828th: 9 { 4438 4434 4432 4430 4404 3404 188 184 180 }   support: 0.804653  frequency: 10103040
829th: 8 { 7092 7062 4438 4436 4434 4432 4430 188 }   support: 0.804653  frequency: 10103040
830th: 9 { 7062 4940 4438 4434 4432 4426 4404 3404 188 }   support: 0.804653  frequency: 10103040
831th: 7 { 7062 4940 4438 4432 4428 4426 17 }   support: 0.804653  frequency: 10103040
832th: 9 { 7092 4438 4430 4428 4404 3404 188 184 180 }   support: 0.804653  frequency: 10103040
833th: 7 { 7112 7102 7092 4438 4432 4428 4426 }   support: 0.804653  frequency: 10103040
834th: 7 { 7112 7102 4438 4434 4432 4430 170 }   support: 0.804653  frequency: 10103040
835th: 11 { 7112 7062 4940 4438 4436 4434 4432 4426 184 180 170 }   support: 0.804653  frequency: 10103040
836th: 8 { 7092 4438 4432 188 184 180 170 17 }   support: 0.804653  frequency: 10103040
837th: 9 { 7112 7062 4940 4438 4430 4428 4426 188 170 }   support: 0.804653  frequency: 10103040
838th: 10 { 7092 7062 4940 4438 4428 4426 4404 3404 188 170 }   support: 0.804653  frequency: 10103040
839th: 10 { 7112 7092 7062 4438 4436 4434 188 184 180 170 }   support: 0.804632  frequency: 10102784
840th: 7 { 7112 4438 4426 184 180 170 17 }   support: 0.804632  frequency: 10102784
841th: 8 { 7062 4940 4438 4436 4434 265 260 188 }   support: 0.804632  frequency: 10102784
842th: 8 { 7112 7102 4940 4438 4434 4426 184 180 }   support: 0.804632  frequency: 10102784
843th: 8 { 7112 4438 4434 4428 265 260 188 170 }   support: 0.804632  frequency: 10102784
844th: 10 { 7102 4940 4438 4436 4434 4432 4426 184 180 170 }   support: 0.804632  frequency: 10102784
845th: 8 { 7112 7092 4438 4436 4434 4430 4428 4426 }   support: 0.804612  frequency: 10102528
846th: 8 { 7112 7062 4940 4438 4436 4434 4426 188 }   support: 0.804612  frequency: 10102528
847th: 8 { 7112 7102 7062 4438 4434 4430 184 180 }   support: 0.804612  frequency: 10102528
848th: 10 { 7112 7062 4940 4438 4436 4434 4430 184 180 170 }   support: 0.804592  frequency: 10102272
849th: 11 { 7112 7092 7062 4940 4438 4432 4430 4428 184 180 170 }   support: 0.804592  frequency: 10102272
850th: 7 { 7102 7062 4438 4434 4432 4430 188 }   support: 0.804592  frequency: 10102272
851th: 11 { 7112 4940 4438 4434 4432 4430 4428 4426 184 180 170 }   support: 0.804592  frequency: 10102272
852th: 8 { 7082 7062 4940 4438 4436 184 180 170 }   support: 0.804592  frequency: 10102272
853th: 8 { 4438 4404 3404 265 260 188 170 17 }   support: 0.804571  frequency: 10102016
854th: 7 { 7092 4438 4436 4432 4430 4426 188 }   support: 0.804571  frequency: 10102016
855th: 7 { 7112 7102 4438 4430 4426 184 180 }   support: 0.804571  frequency: 10102016
856th: 9 { 7062 4438 4434 4430 265 260 188 184 180 }   support: 0.804551  frequency: 10101760
857th: 10 { 7092 7062 4438 4436 4426 4404 3404 184 180 170 }   support: 0.804551  frequency: 10101760
858th: 8 { 7062 4438 4434 4432 4426 184 180 17 }   support: 0.804551  frequency: 10101760
859th: 7 { 4940 4438 265 260 188 170 17 }   support: 0.804551  frequency: 10101760
860th: 5 { 7092 7082 4438 4434 4432 }   support: 0.80453  frequency: 10101504
861th: 6 { 7082 4438 4432 4426 184 180 }   support: 0.80453  frequency: 10101504
862th: 7 { 7112 7102 7092 7062 4940 4438 4432 }   support: 0.80453  frequency: 10101504
863th: 8 { 7062 4940 4438 4428 4426 188 170 17 }   support: 0.80451  frequency: 10101248
864th: 8 { 7092 4438 4436 4428 265 260 188 170 }   support: 0.80451  frequency: 10101248
865th: 6 { 7102 7092 7082 7062 4438 4436 }   support: 0.80451  frequency: 10101248
866th: 7 { 4940 4438 4432 4430 265 260 188 }   support: 0.80451  frequency: 10101248
867th: 7 { 7112 4438 4436 265 260 188 170 }   support: 0.80451  frequency: 10101248
868th: 10 { 7062 4438 4432 4428 4426 4404 3404 265 260 188 }   support: 0.80451  frequency: 10101248
869th: 8 { 7102 7062 4940 4438 4434 4428 4426 188 }   support: 0.80451  frequency: 10101248
870th: 9 { 7112 7102 7062 4438 4434 4432 4426 184 180 }   support: 0.80449  frequency: 10100992
871th: 5 { 7082 4438 4430 184 180 }   support: 0.80449  frequency: 10100992
872th: 9 { 7112 4438 4432 4428 4404 3404 188 184 180 }   support: 0.80449  frequency: 10100992
873th: 9 { 7092 4438 4436 4432 4428 4404 3404 184 180 }   support: 0.80449  frequency: 10100992
874th: 7 { 7112 4438 4436 4434 4432 265 260 }   support: 0.80449  frequency: 10100992
875th: 9 { 7102 7092 7062 4940 4438 188 184 180 170 }   support: 0.80449  frequency: 10100992
876th: 7 { 7092 7062 4940 4438 4426 170 17 }   support: 0.80449  frequency: 10100992
877th: 8 { 4940 4438 4434 4430 4428 4426 265 260 }   support: 0.80449  frequency: 10100992
878th: 8 { 7092 4438 4436 4428 4404 3404 265 260 }   support: 0.804469  frequency: 10100736
879th: 10 { 7102 7062 4438 4436 4432 4428 188 184 180 170 }   support: 0.804469  frequency: 10100736
880th: 9 { 7062 4438 4434 4432 188 184 180 170 17 }   support: 0.804469  frequency: 10100736
881th: 7 { 4940 4438 4434 4428 188 170 17 }   support: 0.804469  frequency: 10100736
882th: 9 { 7112 7102 7062 4940 4438 4426 184 180 170 }   support: 0.804449  frequency: 10100480
883th: 10 { 7092 4940 4438 4432 4426 265 260 184 180 170 }   support: 0.804449  frequency: 10100480
884th: 9 { 7092 4940 4438 4432 4404 3404 265 260 170 }   support: 0.804449  frequency: 10100480
885th: 9 { 7102 7092 7062 4438 4430 4426 184 180 170 }   support: 0.804449  frequency: 10100480
886th: 8 { 4438 4436 4434 4430 265 260 184 180 }   support: 0.804449  frequency: 10100480
887th: 10 { 7092 4940 4438 4432 4426 4404 3404 184 180 170 }   support: 0.804449  frequency: 10100480
888th: 8 { 7102 7062 4940 4438 4432 4430 4426 170 }   support: 0.804449  frequency: 10100480
889th: 8 { 7092 7062 4940 4438 4436 4404 3404 188 }   support: 0.804449  frequency: 10100480
890th: 9 { 7062 4940 4438 4436 4430 4426 188 184 180 }   support: 0.804449  frequency: 10100480
891th: 10 { 7102 7092 7062 4940 4438 4434 4432 4428 184 180 }   support: 0.804449  frequency: 10100480
892th: 9 { 7112 7092 7062 4438 4436 4430 4428 4426 170 }   support: 0.804449  frequency: 10100480
893th: 7 { 7112 7102 7092 7062 4438 4432 4426 }   support: 0.804449  frequency: 10100480
894th: 8 { 7092 7062 4438 4434 4432 4430 4404 3404 }   support: 0.804449  frequency: 10100480
895th: 8 { 7112 7062 4438 4436 4404 3404 188 170 }   support: 0.804449  frequency: 10100480
896th: 8 { 7092 4940 4438 4436 4434 4432 4426 188 }   support: 0.804428  frequency: 10100224
897th: 9 { 7092 7062 4940 4438 4436 4432 4428 4426 188 }   support: 0.804428  frequency: 10100224
898th: 11 { 7062 4438 4436 4428 4404 3404 265 260 184 180 170 }   support: 0.804428  frequency: 10100224
899th: 10 { 7112 4438 4434 4432 4430 4428 188 184 180 170 }   support: 0.804428  frequency: 10100224
900th: 11 { 4940 4438 4436 4434 4432 4428 4426 188 184 180 170 }   support: 0.804428  frequency: 10100224
901th: 11 { 7062 4940 4438 4434 4432 4430 4428 4426 188 184 180 }   support: 0.804428  frequency: 10100224
902th: 9 { 7102 7062 4940 4438 4434 4432 188 184 180 }   support: 0.804428  frequency: 10100224
903th: 7 { 7112 7062 4438 4436 4430 4426 188 }   support: 0.804428  frequency: 10100224
904th: 9 { 7112 7102 4940 4438 4434 4432 184 180 170 }   support: 0.804428  frequency: 10100224
905th: 8 { 7102 7062 4940 4438 4434 4426 188 170 }   support: 0.804408  frequency: 10099968
906th: 7 { 4438 4430 4428 188 184 180 17 }   support: 0.804408  frequency: 10099968
907th: 9 { 7092 4438 4434 4428 4426 265 260 188 170 }   support: 0.804408  frequency: 10099968
908th: 8 { 7102 4940 4438 4432 4430 4426 184 180 }   support: 0.804408  frequency: 10099968
909th: 9 { 7102 7092 4438 4428 4426 188 184 180 170 }   support: 0.804408  frequency: 10099968
910th: 10 { 7062 4438 4436 4432 4428 4404 3404 188 184 180 }   support: 0.804408  frequency: 10099968
911th: 7 { 7112 4438 4434 4430 4428 265 260 }   support: 0.804408  frequency: 10099968
912th: 8 { 7112 4438 4434 4426 4404 3404 188 170 }   support: 0.804388  frequency: 10099712
913th: 11 { 7062 4438 4436 4434 4432 4428 4404 3404 184 180 170 }   support: 0.804388  frequency: 10099712
914th: 8 { 7102 4940 4438 4436 4434 4428 188 170 }   support: 0.804388  frequency: 10099712
915th: 6 { 7102 4438 4426 4404 3404 188 }   support: 0.804388  frequency: 10099712
916th: 7 { 7092 7062 4438 4436 184 180 17 }   support: 0.804388  frequency: 10099712
917th: 9 { 7092 4438 4436 4434 4432 265 260 184 180 }   support: 0.804388  frequency: 10099712
918th: 11 { 7092 7062 4438 4428 4404 3404 265 260 188 184 180 }   support: 0.804388  frequency: 10099712
919th: 9 { 7092 4438 4434 4430 4428 4404 3404 184 180 }   support: 0.804388  frequency: 10099712
920th: 7 { 7092 4940 4438 4436 265 260 188 }   support: 0.804388  frequency: 10099712
921th: 9 { 7102 7092 7062 4438 4426 188 184 180 170 }   support: 0.804388  frequency: 10099712
922th: 9 { 7112 7102 4438 4434 4432 4428 4426 184 180 }   support: 0.804388  frequency: 10099712
923th: 6 { 7112 4438 4428 188 170 17 }   support: 0.804388  frequency: 10099712
924th: 7 { 7112 7092 4940 4438 4432 4404 3404 }   support: 0.804388  frequency: 10099712
925th: 8 { 7112 7102 7062 4940 4438 4436 4434 4432 }   support: 0.804367  frequency: 10099456
926th: 8 { 7102 4940 4438 4434 4428 4426 188 170 }   support: 0.804367  frequency: 10099456
927th: 9 { 7092 4438 4434 4430 4428 265 260 184 180 }   support: 0.804367  frequency: 10099456
928th: 8 { 4940 4438 4436 4434 4428 4404 3404 188 }   support: 0.804367  frequency: 10099456
929th: 11 { 7112 4940 4438 4436 4434 4432 4428 4426 184 180 170 }   support: 0.804367  frequency: 10099456
930th: 9 { 7102 7062 4438 4434 4432 4428 4426 188 170 }   support: 0.804367  frequency: 10099456
931th: 9 { 7102 7092 4438 4436 4434 188 184 180 170 }   support: 0.804347  frequency: 10099200
932th: 5 { 7112 4438 4404 3404 17 }   support: 0.804347  frequency: 10099200
933th: 8 { 7112 7092 4438 4434 4430 4428 188 170 }   support: 0.804347  frequency: 10099200
934th: 8 { 7112 7092 7062 4438 4430 4426 188 170 }   support: 0.804347  frequency: 10099200
935th: 11 { 7062 4438 4434 4432 4404 3404 265 260 188 184 180 }   support: 0.804347  frequency: 10099200
936th: 10 { 7092 4940 4438 4434 4432 4430 188 184 180 170 }   support: 0.804347  frequency: 10099200
937th: 9 { 7112 7092 7062 4438 4432 4404 3404 184 180 }   support: 0.804347  frequency: 10099200
938th: 8 { 4438 4436 4434 4430 4404 3404 184 180 }   support: 0.804347  frequency: 10099200
939th: 10 { 7062 4940 4438 4432 4404 3404 265 260 188 170 }   support: 0.804347  frequency: 10099200
940th: 10 { 7112 7092 7062 4940 4438 4432 4428 188 184 180 }   support: 0.804347  frequency: 10099200
941th: 9 { 7092 7062 4438 4436 4434 4432 265 260 170 }   support: 0.804327  frequency: 10098944
942th: 8 { 4940 4438 4436 4432 4426 265 260 170 }   support: 0.804327  frequency: 10098944
943th: 9 { 7092 7062 4438 4436 4432 4428 265 260 170 }   support: 0.804327  frequency: 10098944
944th: 8 { 7112 7092 4940 4438 4430 188 184 180 }   support: 0.804327  frequency: 10098944
945th: 10 { 7062 4438 4436 4434 4432 4404 3404 188 184 180 }   support: 0.804327  frequency: 10098944
946th: 8 { 7112 4940 4438 4436 4434 4430 4426 170 }   support: 0.804327  frequency: 10098944
947th: 9 { 7092 7062 4940 4438 4432 265 260 188 170 }   support: 0.804327  frequency: 10098944
948th: 8 { 7092 7062 4940 4438 4436 4430 188 170 }   support: 0.804327  frequency: 10098944
949th: 10 { 4438 4434 4432 4428 4404 3404 265 260 188 170 }   support: 0.804306  frequency: 10098688
950th: 9 { 7112 7102 7092 4438 4436 4434 184 180 170 }   support: 0.804306  frequency: 10098688
951th: 7 { 7102 7062 4438 4430 4426 188 170 }   support: 0.804306  frequency: 10098688
952th: 6 { 7092 7082 7062 4438 4436 4432 }   support: 0.804306  frequency: 10098688
953th: 8 { 4438 4436 4426 4404 3404 265 260 188 }   support: 0.804306  frequency: 10098688
954th: 11 { 4940 4438 4432 4428 4426 4404 3404 188 184 180 170 }   support: 0.804306  frequency: 10098688
955th: 8 { 7112 7102 7092 4438 4436 4432 184 180 }   support: 0.804286  frequency: 10098432
956th: 7 { 4438 4436 4428 188 184 180 17 }   support: 0.804286  frequency: 10098432
957th: 7 { 7102 4940 4438 4428 265 260 170 }   support: 0.804286  frequency: 10098432
958th: 9 { 7112 7102 7062 4438 4434 4432 4428 4426 170 }   support: 0.804286  frequency: 10098432
959th: 7 { 7112 7062 4438 4430 4426 265 260 }   support: 0.804286  frequency: 10098432
960th: 11 { 7062 4438 4436 4434 4432 4428 265 260 184 180 170 }   support: 0.804286  frequency: 10098432
961th: 9 { 7092 7062 4940 4438 4436 4432 4426 188 170 }   support: 0.804286  frequency: 10098432
962th: 10 { 7062 4438 4434 4430 4428 4404 3404 188 184 180 }   support: 0.804286  frequency: 10098432
963th: 5 { 7112 7092 4438 4428 17 }   support: 0.804265  frequency: 10098176
964th: 10 { 7062 4940 4438 4436 265 260 188 184 180 170 }   support: 0.804265  frequency: 10098176
965th: 7 { 7102 7062 4438 4436 4432 4404 3404 }   support: 0.804265  frequency: 10098176
966th: 4 { 7082 4438 4434 4430 }   support: 0.804265  frequency: 10098176
967th: 8 { 4940 4438 4436 4432 4426 4404 3404 170 }   support: 0.804265  frequency: 10098176
968th: 7 { 7112 7102 7062 4438 4434 4428 188 }   support: 0.804265  frequency: 10098176
969th: 6 { 7102 4940 4438 4432 4404 3404 }   support: 0.804265  frequency: 10098176
970th: 8 { 7062 4940 4438 4432 188 184 180 17 }   support: 0.804265  frequency: 10098176
971th: 8 { 7092 4438 4434 4432 4430 265 260 170 }   support: 0.804265  frequency: 10098176
972th: 10 { 7112 4438 4434 4428 4426 265 260 184 180 170 }   support: 0.804245  frequency: 10097920
973th: 8 { 7102 4940 4438 4434 4432 4428 188 170 }   support: 0.804245  frequency: 10097920
974th: 9 { 7112 7062 4940 4438 4434 4430 188 184 180 }   support: 0.804245  frequency: 10097920
975th: 8 { 7112 4940 4438 4436 4434 4426 188 170 }   support: 0.804245  frequency: 10097920
976th: 9 { 7112 7102 7092 7062 4438 4434 4428 184 180 }   support: 0.804245  frequency: 10097920
977th: 8 { 7062 4438 4434 4428 4426 188 170 17 }   support: 0.804225  frequency: 10097664
978th: 7 { 7102 7092 7062 4438 4432 4426 188 }   support: 0.804225  frequency: 10097664
979th: 5 { 7082 7062 4438 4430 4428 }   support: 0.804225  frequency: 10097664
980th: 8 { 7102 7092 4438 265 260 184 180 170 }   support: 0.804225  frequency: 10097664
981th: 6 { 7112 7092 4438 4430 4404 3404 }   support: 0.804225  frequency: 10097664
982th: 8 { 7102 4438 4428 4426 265 260 184 180 }   support: 0.804225  frequency: 10097664
983th: 8 { 7112 7102 4940 4438 4434 4428 4426 170 }   support: 0.804225  frequency: 10097664
984th: 8 { 7062 4940 4438 4436 4432 4426 265 260 }   support: 0.804204  frequency: 10097408
985th: 9 { 7062 4438 4436 4434 4432 4430 4426 188 170 }   support: 0.804204  frequency: 10097408
986th: 8 { 4438 4436 4432 4430 265 260 184 180 }   support: 0.804204  frequency: 10097408
987th: 9 { 7102 7062 4940 4438 4434 4432 4430 4428 170 }   support: 0.804204  frequency: 10097408
988th: 8 { 7102 4940 4438 4404 3404 184 180 170 }   support: 0.804204  frequency: 10097408
989th: 11 { 7102 7062 4440 4438 4436 4434 4432 4430 4428 4426 4414 }   support: 0.804204  frequency: 10097408
990th: 7 { 7102 7092 7062 4940 4438 4432 188 }   support: 0.804204  frequency: 10097408
991th: 7 { 4940 4438 4432 4428 188 170 17 }   support: 0.804184  frequency: 10097152
992th: 6 { 7092 4438 4426 4404 3404 17 }   support: 0.804184  frequency: 10097152
993th: 7 { 7092 4438 4436 4432 265 260 188 }   support: 0.804184  frequency: 10097152
994th: 6 { 7092 7082 4438 4432 184 180 }   support: 0.804184  frequency: 10097152
995th: 6 { 7092 4438 4430 184 180 17 }   support: 0.804184  frequency: 10097152
996th: 9 { 7112 7062 4438 4430 265 260 184 180 170 }   support: 0.804163  frequency: 10096896
997th: 10 { 7092 4438 4426 4404 3404 265 260 188 184 180 }   support: 0.804163  frequency: 10096896
998th: 7 { 7102 4438 4434 4432 4428 265 260 }   support: 0.804163  frequency: 10096896
999th: 5 { 7102 7082 4438 4434 4426 }   support: 0.804163  frequency: 10096896
1000th: 8 { 7092 7062 4438 4436 4428 265 260 188 }   support: 0.804163  frequency: 10096896
1001th: 6 { 7112 7102 4438 4436 4432 188 }   support: 0.804163  frequency: 10096896
1002th: 10 { 7112 7062 4438 4434 4426 265 260 184 180 170 }   support: 0.804163  frequency: 10096896
1003th: 9 { 7062 4438 4434 4432 4430 4426 4404 3404 170 }   support: 0.804163  frequency: 10096896
1004th: 7 { 4438 4436 4434 4432 4430 265 260 }   support: 0.804163  frequency: 10096896
1005th: 8 { 7102 7062 4438 4426 265 260 184 180 }   support: 0.804163  frequency: 10096896
1006th: 9 { 7092 7062 4438 4434 4426 4404 3404 265 260 }   support: 0.804143  frequency: 10096640
1007th: 6 { 4940 4438 4434 4426 188 17 }   support: 0.804143  frequency: 10096640
1008th: 8 { 7102 7062 4438 4434 4430 188 184 180 }   support: 0.804143  frequency: 10096640
1009th: 8 { 7092 7062 4438 4434 188 184 180 17 }   support: 0.804143  frequency: 10096640
1010th: 6 { 7112 7102 4438 4436 4430 4426 }   support: 0.804143  frequency: 10096640
1011th: 8 { 4940 4438 4432 4430 4428 4404 3404 188 }   support: 0.804143  frequency: 10096640
1012th: 10 { 7102 7062 4940 4438 4436 4434 4432 4426 184 180 }   support: 0.804143  frequency: 10096640
1013th: 10 { 7112 7062 4438 4436 4434 4432 4428 188 184 180 }   support: 0.804143  frequency: 10096640
1014th: 5 { 7082 4940 4438 4434 4432 }   support: 0.804123  frequency: 10096384
1015th: 7 { 7102 4438 4434 4426 265 260 170 }   support: 0.804123  frequency: 10096384
1016th: 5 { 4438 4434 4430 188 17 }   support: 0.804123  frequency: 10096384
1017th: 9 { 7102 7092 4438 4434 4432 4430 184 180 170 }   support: 0.804123  frequency: 10096384
1018th: 7 { 7102 7092 4438 4432 4428 4426 188 }   support: 0.804123  frequency: 10096384
1019th: 8 { 7112 7102 4940 4438 4434 4432 4428 170 }   support: 0.804123  frequency: 10096384
1020th: 7 { 7112 7062 4438 4436 265 260 188 }   support: 0.804102  frequency: 10096128
1021th: 9 { 7112 4438 4434 4404 3404 265 260 184 180 }   support: 0.804102  frequency: 10096128
1022th: 8 { 4940 4438 4436 4434 4430 4428 4426 188 }   support: 0.804102  frequency: 10096128
1023th: 6 { 7112 7102 7092 7062 4438 188 }   support: 0.804102  frequency: 10096128
1024th: 8 { 7112 7062 4438 4436 4432 265 260 170 }   support: 0.804102  frequency: 10096128
1025th: 9 { 7092 7062 4438 4436 4432 4428 4404 3404 170 }   support: 0.804082  frequency: 10095872
1026th: 7 { 7092 7082 4438 4434 184 180 170 }   support: 0.804082  frequency: 10095872
1027th: 9 { 7092 7062 4438 4434 4430 4428 4404 3404 170 }   support: 0.804082  frequency: 10095872
1028th: 8 { 7102 4438 4436 4434 265 260 184 180 }   support: 0.804082  frequency: 10095872
1029th: 8 { 7112 7062 4438 4434 4428 265 260 188 }   support: 0.804082  frequency: 10095872
1030th: 10 { 7112 7092 7062 4438 4430 4428 188 184 180 170 }   support: 0.804082  frequency: 10095872
1031th: 9 { 7092 4438 4436 4434 4432 4404 3404 184 180 }   support: 0.804082  frequency: 10095872
1032th: 9 { 7062 4438 4434 4432 4430 4426 265 260 170 }   support: 0.804082  frequency: 10095872
1033th: 8 { 4940 4438 4436 4404 3404 265 260 188 }   support: 0.804061  frequency: 10095616
1034th: 8 { 4940 4438 4434 4432 4426 265 260 188 }   support: 0.804061  frequency: 10095616
1035th: 7 { 7062 4438 4432 4430 184 180 17 }   support: 0.804061  frequency: 10095616
1036th: 8 { 7062 4438 4428 265 260 188 170 17 }   support: 0.804061  frequency: 10095616
1037th: 8 { 4438 4428 4426 4404 3404 188 170 17 }   support: 0.804061  frequency: 10095616
1038th: 8 { 7112 4438 4434 4428 4404 3404 265 260 }   support: 0.804061  frequency: 10095616
1039th: 10 { 7112 7062 4438 4434 4426 4404 3404 184 180 170 }   support: 0.804061  frequency: 10095616
1040th: 6 { 7102 7092 4438 4430 188 170 }   support: 0.804061  frequency: 10095616
1041th: 10 { 7112 4438 4434 4428 4426 4404 3404 184 180 170 }   support: 0.804061  frequency: 10095616
1042th: 9 { 7092 7062 4438 4434 4430 4428 265 260 170 }   support: 0.804061  frequency: 10095616
1043th: 8 { 7092 4438 4434 4432 4430 4404 3404 170 }   support: 0.804061  frequency: 10095616
1044th: 9 { 7092 4940 4438 4428 4426 4404 3404 265 260 }   support: 0.804061  frequency: 10095616
1045th: 8 { 7062 4940 4438 4436 4432 4426 4404 3404 }   support: 0.804061  frequency: 10095616
1046th: 7 { 7112 4438 4436 4428 4404 3404 188 }   support: 0.804041  frequency: 10095360
1047th: 7 { 7102 4940 4438 4436 4434 4430 4426 }   support: 0.804041  frequency: 10095360
1048th: 9 { 4438 4436 4434 4404 3404 265 260 188 170 }   support: 0.804041  frequency: 10095360
1049th: 11 { 7112 7062 4940 4438 4434 4432 4430 4428 4426 184 180 }   support: 0.804041  frequency: 10095360
1050th: 9 { 7062 4438 4430 4426 265 260 188 184 180 }   support: 0.804041  frequency: 10095360
1051th: 10 { 7112 7062 4940 4438 4436 4432 4430 184 180 170 }   support: 0.804041  frequency: 10095360
1052th: 7 { 7112 4438 4436 4432 4428 4404 3404 }   support: 0.804041  frequency: 10095360
1053th: 10 { 7062 4438 4436 4426 265 260 188 184 180 170 }   support: 0.804041  frequency: 10095360
1054th: 8 { 7062 4438 4436 4434 4430 4428 265 260 }   support: 0.804041  frequency: 10095360
1055th: 8 { 7112 4940 4438 4436 4434 4428 4426 188 }   support: 0.804041  frequency: 10095360
1056th: 6 { 7092 4940 4438 4404 3404 17 }   support: 0.804041  frequency: 10095360
1057th: 7 { 7112 4438 4430 4426 4404 3404 170 }   support: 0.804041  frequency: 10095360
1058th: 8 { 7112 7062 4940 4438 4434 4432 4430 188 }   support: 0.804021  frequency: 10095104
1059th: 9 { 7092 7062 4438 4436 4434 4432 4404 3404 170 }   support: 0.804021  frequency: 10095104
1060th: 10 { 7062 4438 4434 4432 4428 4404 3404 265 260 188 }   support: 0.804021  frequency: 10095104
1061th: 9 { 7092 4438 4436 4434 4430 4428 188 184 180 }   support: 0.804021  frequency: 10095104
1062th: 6 { 4940 4438 4430 4428 170 17 }   support: 0.804021  frequency: 10095104
1063th: 8 { 7112 7102 7062 4940 4438 4434 4426 170 }   support: 0.804021  frequency: 10095104
1064th: 9 { 7112 7062 4940 4438 265 260 188 184 180 }   support: 0.804021  frequency: 10095104
1065th: 7 { 7102 7092 4940 4438 4432 188 170 }   support: 0.804  frequency: 10094848
1066th: 7 { 7102 7092 4438 4434 4432 4430 4426 }   support: 0.804  frequency: 10094848
1067th: 5 { 7112 7102 4438 4404 3404 }   support: 0.804  frequency: 10094848
1068th: 7 { 7112 4940 4438 184 180 170 17 }   support: 0.804  frequency: 10094848
1069th: 7 { 7112 4940 4438 4434 265 260 188 }   support: 0.80398  frequency: 10094592
1070th: 12 { 7062 4438 4434 4428 4426 4404 3404 265 260 184 180 170 }   support: 0.80398  frequency: 10094592
1071th: 9 { 7102 7092 7062 4438 4434 4432 4430 184 180 }   support: 0.80398  frequency: 10094592
1072th: 9 { 7112 7062 4940 4438 4432 4430 4428 188 170 }   support: 0.80398  frequency: 10094592
1073th: 9 { 7062 4438 4434 4430 4404 3404 265 260 170 }   support: 0.80398  frequency: 10094592
1074th: 9 { 7092 7062 4940 4438 4426 4404 3404 265 260 }   support: 0.80398  frequency: 10094592
1075th: 6 { 4438 4434 4432 265 260 17 }   support: 0.80398  frequency: 10094592
1076th: 7 { 7062 4438 4428 4404 3404 3403 188 }   support: 0.80398  frequency: 10094592
1077th: 9 { 4438 4436 4434 4432 4430 4426 188 184 180 }   support: 0.80398  frequency: 10094592
1078th: 6 { 7062 4940 4438 4430 170 17 }   support: 0.80396  frequency: 10094336
1079th: 8 { 7062 4438 4436 4434 4430 4428 4404 3404 }   support: 0.80396  frequency: 10094336
1080th: 8 { 7112 4438 4436 4432 265 260 184 180 }   support: 0.80396  frequency: 10094336
1081th: 8 { 7082 7062 4438 4436 4434 4428 184 180 }   support: 0.80396  frequency: 10094336
1082th: 8 { 4940 4438 4436 4432 4428 4426 265 260 }   support: 0.80396  frequency: 10094336
1083th: 8 { 7102 7092 4940 4438 4428 188 184 180 }   support: 0.803939  frequency: 10094080
1084th: 9 { 4438 4430 4428 4404 3404 265 260 188 170 }   support: 0.803939  frequency: 10094080
1085th: 9 { 7092 4438 4434 4428 4426 4404 3404 265 260 }   support: 0.803939  frequency: 10094080
1086th: 7 { 7062 4940 4438 4436 4430 265 260 }   support: 0.803939  frequency: 10094080
1087th: 8 { 7102 7062 4438 4428 4426 265 260 170 }   support: 0.803939  frequency: 10094080
1088th: 8 { 4940 4438 4436 4432 4428 4426 4404 3404 }   support: 0.803939  frequency: 10094080
1089th: 6 { 7112 7102 7092 4438 188 170 }   support: 0.803939  frequency: 10094080
1090th: 7 { 4438 4434 4430 184 180 170 17 }   support: 0.803939  frequency: 10094080
1091th: 12 { 7112 7092 7062 4940 4438 4434 4432 4428 4426 184 180 170 }   support: 0.803919  frequency: 10093824
1092th: 9 { 7092 4940 4438 4436 4432 4428 4426 188 170 }   support: 0.803919  frequency: 10093824
1093th: 7 { 4438 4434 265 260 188 170 17 }   support: 0.803919  frequency: 10093824
1094th: 7 { 7112 4438 4436 4404 3404 265 260 }   support: 0.803919  frequency: 10093824
1095th: 6 { 7082 4438 4432 4428 4426 170 }   support: 0.803919  frequency: 10093824
1096th: 8 { 7092 4438 4436 4426 4404 3404 188 170 }   support: 0.803919  frequency: 10093824
1097th: 7 { 7102 4438 4436 4432 4404 3404 170 }   support: 0.803919  frequency: 10093824
1098th: 11 { 7062 4438 4432 4430 4428 4426 4404 3404 184 180 170 }   support: 0.803898  frequency: 10093568
1099th: 8 { 4438 4434 4404 3404 3403 184 180 170 }   support: 0.803898  frequency: 10093568
1100th: 11 { 7062 4438 4432 4430 4428 4426 265 260 184 180 170 }   support: 0.803898  frequency: 10093568
1101th: 6 { 7092 7082 7062 4438 4432 170 }   support: 0.803898  frequency: 10093568
1102th: 8 { 7062 4438 4426 4404 3404 188 170 17 }   support: 0.803898  frequency: 10093568
1103th: 10 { 7092 7062 4438 4432 4428 4426 4404 3404 188 170 }   support: 0.803898  frequency: 10093568
1104th: 8 { 7102 7092 7062 4940 4438 4436 4432 4426 }   support: 0.803898  frequency: 10093568
1105th: 9 { 7112 7092 7062 4438 4428 4426 265 260 170 }   support: 0.803898  frequency: 10093568
1106th: 6 { 7102 7082 4438 4436 4428 4426 }   support: 0.803898  frequency: 10093568
1107th: 9 { 7112 7092 7062 4438 4436 4426 188 184 180 }   support: 0.803898  frequency: 10093568
1108th: 9 { 7102 4940 4438 4434 4432 4430 4428 184 180 }   support: 0.803878  frequency: 10093312
1109th: 7 { 7112 4438 4434 4430 4428 4404 3404 }   support: 0.803878  frequency: 10093312
1110th: 6 { 4438 4426 4404 3404 3403 188 }   support: 0.803878  frequency: 10093312
1111th: 5 { 7112 4940 4438 188 17 }   support: 0.803878  frequency: 10093312
1112th: 7 { 4438 4428 4426 265 260 188 17 }   support: 0.803858  frequency: 10093056
1113th: 7 { 7112 7092 4940 4438 4436 4432 188 }   support: 0.803858  frequency: 10093056
1114th: 10 { 7112 7062 4940 4438 4434 4432 4428 4426 188 170 }   support: 0.803858  frequency: 10093056
1115th: 7 { 7092 4940 4438 4434 4430 4404 3404 }   support: 0.803858  frequency: 10093056
1116th: 7 { 7102 7062 4438 4434 4426 265 260 }   support: 0.803858  frequency: 10093056
1117th: 7 { 7092 4940 4438 4434 4430 265 260 }   support: 0.803858  frequency: 10093056
1118th: 10 { 7112 4940 4438 4428 4426 265 260 184 180 170 }   support: 0.803837  frequency: 10092800
1119th: 7 { 7062 4438 4430 4428 4426 170 17 }   support: 0.803837  frequency: 10092800
1120th: 9 { 7112 7092 4438 265 260 188 184 180 170 }   support: 0.803837  frequency: 10092800
1121th: 9 { 7062 4438 4436 4434 4432 4428 4404 3404 188 }   support: 0.803837  frequency: 10092800
1122th: 11 { 7062 4940 4438 4434 4432 4430 4426 188 184 180 170 }   support: 0.803837  frequency: 10092800
1123th: 8 { 7102 4438 4432 4430 188 184 180 170 }   support: 0.803837  frequency: 10092800
1124th: 8 { 7092 4438 4436 4434 4432 4428 265 260 }   support: 0.803837  frequency: 10092800
1125th: 11 { 7112 7062 4940 4438 4436 4434 4432 4428 4426 184 180 }   support: 0.803837  frequency: 10092800
1126th: 9 { 7102 7062 4438 4430 4428 188 184 180 170 }   support: 0.803837  frequency: 10092800
1127th: 7 { 4438 4436 4434 4432 4430 4404 3404 }   support: 0.803837  frequency: 10092800
1128th: 10 { 7112 7102 7062 4438 4436 4432 4428 184 180 170 }   support: 0.803837  frequency: 10092800
1129th: 9 { 7102 7062 4940 4438 4436 4428 188 184 180 }   support: 0.803817  frequency: 10092544
1130th: 7 { 7112 7102 4438 4436 4434 4430 4428 }   support: 0.803817  frequency: 10092544
1131th: 9 { 7112 7062 4438 4436 4430 188 184 180 170 }   support: 0.803817  frequency: 10092544
1132th: 7 { 4940 4438 4436 4430 265 260 170 }   support: 0.803817  frequency: 10092544
1133th: 7 { 7102 7092 4438 4432 4426 188 170 }   support: 0.803817  frequency: 10092544
1134th: 8 { 7112 7062 4940 4438 4434 4404 3404 188 }   support: 0.803817  frequency: 10092544
1135th: 11 { 7062 4438 4436 4434 4432 4430 4428 188 184 180 170 }   support: 0.803817  frequency: 10092544
1136th: 10 { 7112 7092 7062 4940 4438 4436 4434 4426 184 180 }   support: 0.803817  frequency: 10092544
1137th: 8 { 7112 7092 4438 4436 4434 4432 188 170 }   support: 0.803817  frequency: 10092544
1138th: 4 { 7082 4438 4432 4430 }   support: 0.803817  frequency: 10092544
1139th: 8 { 7102 7092 4438 4436 4432 188 184 180 }   support: 0.803796  frequency: 10092288
1140th: 6 { 7112 7082 4438 184 180 170 }   support: 0.803796  frequency: 10092288
1141th: 6 { 7102 7082 4438 4436 4426 170 }   support: 0.803796  frequency: 10092288
1142th: 8 { 7062 4438 4436 4432 4430 4428 265 260 }   support: 0.803796  frequency: 10092288
1143th: 8 { 7112 4940 4438 4426 4404 3404 188 170 }   support: 0.803796  frequency: 10092288
1144th: 11 { 7062 4438 4434 4432 4430 4428 4404 3404 184 180 170 }   support: 0.803796  frequency: 10092288
1145th: 8 { 4438 4436 4432 4430 4404 3404 184 180 }   support: 0.803796  frequency: 10092288
1146th: 8 { 7092 7062 4438 4430 265 260 188 170 }   support: 0.803796  frequency: 10092288
1147th: 11 { 7092 7062 4438 4436 4434 4432 4430 4426 184 180 170 }   support: 0.803796  frequency: 10092288
1148th: 8 { 7112 7102 4438 4436 4434 4432 4426 170 }   support: 0.803776  frequency: 10092032
1149th: 7 { 7112 4438 4436 4434 4432 4404 3404 }   support: 0.803776  frequency: 10092032
1150th: 8 { 7112 4940 4438 4428 265 260 188 170 }   support: 0.803776  frequency: 10092032
1151th: 8 { 7062 4940 4438 265 260 184 180 17 }   support: 0.803776  frequency: 10092032
1152th: 8 { 4940 4438 4436 4432 4430 4428 4426 188 }   support: 0.803776  frequency: 10092032
1153th: 8 { 7112 7092 4438 4436 4432 4428 188 170 }   support: 0.803776  frequency: 10092032
1154th: 8 { 4940 4438 4434 4426 184 180 170 17 }   support: 0.803776  frequency: 10092032
1155th: 11 { 7062 4940 4438 4432 4426 4404 3404 188 184 180 170 }   support: 0.803756  frequency: 10091776
1156th: 10 { 7112 7062 4438 4432 4430 4428 4426 188 184 180 }   support: 0.803756  frequency: 10091776
1157th: 9 { 7062 4438 4436 4434 4404 3404 265 260 188 }   support: 0.803756  frequency: 10091776
1158th: 7 { 7112 7102 4438 4436 4434 4430 170 }   support: 0.803756  frequency: 10091776
1159th: 9 { 7112 7102 7092 7062 4438 4436 4434 184 180 }   support: 0.803756  frequency: 10091776
1160th: 8 { 7092 4438 4404 3404 188 184 180 17 }   support: 0.803756  frequency: 10091776
1161th: 7 { 7102 7092 4438 4436 4432 4428 188 }   support: 0.803756  frequency: 10091776
1162th: 8 { 7062 4438 4432 4428 4426 188 170 17 }   support: 0.803756  frequency: 10091776
1163th: 9 { 7062 4940 4438 4404 3404 184 180 170 17 }   support: 0.803756  frequency: 10091776
1164th: 5 { 7092 7082 4438 4432 4428 }   support: 0.803756  frequency: 10091776
1165th: 6 { 4438 4434 4428 4404 3404 3403 }   support: 0.803735  frequency: 10091520
1166th: 10 { 7112 7092 4940 4438 4434 4432 4430 184 180 170 }   support: 0.803735  frequency: 10091520
1167th: 10 { 7062 4940 4438 4430 4404 3404 188 184 180 170 }   support: 0.803735  frequency: 10091520
1168th: 7 { 7112 7062 4438 4430 4426 4404 3404 }   support: 0.803735  frequency: 10091520
1169th: 9 { 7112 7062 4438 4434 4404 3404 265 260 170 }   support: 0.803735  frequency: 10091520
1170th: 10 { 7092 7062 4438 4434 4432 265 260 188 184 180 }   support: 0.803735  frequency: 10091520
1171th: 5 { 4438 4430 4404 3404 17 }   support: 0.803735  frequency: 10091520
1172th: 10 { 7092 4438 4436 4428 4426 265 260 184 180 170 }   support: 0.803735  frequency: 10091520
1173th: 10 { 4940 4438 4436 4404 3404 265 260 184 180 170 }   support: 0.803735  frequency: 10091520
1174th: 7 { 7102 4438 4434 4428 4426 265 260 }   support: 0.803735  frequency: 10091520
1175th: 7 { 7062 4438 4426 265 260 188 17 }   support: 0.803715  frequency: 10091264
1176th: 9 { 7112 4438 4428 4426 265 260 188 184 180 }   support: 0.803715  frequency: 10091264
1177th: 6 { 7062 4438 4436 4404 3404 17 }   support: 0.803715  frequency: 10091264
1178th: 11 { 7092 7062 4940 4438 4434 4430 4428 188 184 180 170 }   support: 0.803715  frequency: 10091264
1179th: 11 { 7062 4438 4434 4432 4430 4428 265 260 184 180 170 }   support: 0.803715  frequency: 10091264
1180th: 7 { 7082 4940 4438 4428 184 180 170 }   support: 0.803715  frequency: 10091264
1181th: 9 { 7092 7062 4438 4434 4428 4426 265 260 188 }   support: 0.803715  frequency: 10091264
1182th: 9 { 7112 7102 7062 4940 4438 4436 4428 184 180 }   support: 0.803715  frequency: 10091264
1183th: 8 { 4438 4434 4432 4428 188 184 180 17 }   support: 0.803694  frequency: 10091008
1184th: 8 { 7092 4438 4430 4404 3404 265 260 170 }   support: 0.803694  frequency: 10091008
1185th: 8 { 7112 7062 4438 4434 4426 4404 3404 188 }   support: 0.803694  frequency: 10091008
1186th: 7 { 7112 4438 4434 4426 265 260 188 }   support: 0.803694  frequency: 10091008
1187th: 7 { 7112 7102 4438 4434 4428 188 170 }   support: 0.803694  frequency: 10091008
1188th: 9 { 7112 7062 4438 4430 4404 3404 184 180 170 }   support: 0.803694  frequency: 10091008
1189th: 9 { 7062 4438 4434 4404 3404 184 180 170 17 }   support: 0.803694  frequency: 10091008
1190th: 8 { 7112 7102 7092 7062 4438 4436 4432 170 }   support: 0.803694  frequency: 10091008
1191th: 10 { 7062 4940 4438 4428 4426 4404 3404 265 260 188 }   support: 0.803694  frequency: 10091008
1192th: 8 { 7092 4438 4434 4432 184 180 170 17 }   support: 0.803694  frequency: 10091008
1193th: 10 { 7102 7092 7062 4940 4438 4434 4428 4426 184 180 }   support: 0.803674  frequency: 10090752
1194th: 9 { 7112 7092 7062 4940 4438 4434 4430 4426 170 }   support: 0.803674  frequency: 10090752
1195th: 8 { 7112 4940 4438 4436 4432 4430 4426 170 }   support: 0.803674  frequency: 10090752
1196th: 8 { 7092 4438 4436 4434 4432 4428 4404 3404 }   support: 0.803674  frequency: 10090752
1197th: 9 { 7102 4940 4438 4436 4434 4430 184 180 170 }   support: 0.803674  frequency: 10090752
1198th: 6 { 7092 4940 4438 4434 4428 17 }   support: 0.803674  frequency: 10090752
1199th: 9 { 7092 7062 4438 4436 4434 4404 3404 188 170 }   support: 0.803674  frequency: 10090752
1200th: 8 { 7112 4438 4434 4428 4426 4404 3404 188 }   support: 0.803674  frequency: 10090752
1201th: 6 { 7112 7062 4438 4432 170 17 }   support: 0.803674  frequency: 10090752
1202th: 10 { 7102 7062 4940 4438 4432 4430 4428 184 180 170 }   support: 0.803654  frequency: 10090496
1203th: 7 { 7062 4940 4438 4436 4430 4404 3404 }   support: 0.803654  frequency: 10090496
1204th: 10 { 4940 4438 4432 4426 265 260 188 184 180 170 }   support: 0.803654  frequency: 10090496
1205th: 6 { 7062 4438 4436 4434 4432 17 }   support: 0.803654  frequency: 10090496
1206th: 9 { 7092 7062 4940 4438 4428 4426 265 260 188 }   support: 0.803654  frequency: 10090496
1207th: 6 { 7112 7092 4438 4436 4430 188 }   support: 0.803654  frequency: 10090496
1208th: 8 { 7102 7062 4438 4436 4428 265 260 170 }   support: 0.803654  frequency: 10090496
1209th: 9 { 7112 7092 4438 4436 4430 4426 184 180 170 }   support: 0.803654  frequency: 10090496
1210th: 7 { 4940 4438 4436 4430 4404 3404 170 }   support: 0.803633  frequency: 10090240
1211th: 8 { 7102 7092 4438 4434 4430 4426 184 180 }   support: 0.803633  frequency: 10090240
1212th: 9 { 4438 4432 4430 4428 4426 4404 3404 188 170 }   support: 0.803633  frequency: 10090240
1213th: 8 { 7102 7062 4438 4436 4434 4432 4426 188 }   support: 0.803633  frequency: 10090240
1214th: 7 { 7102 7062 4940 4438 4428 265 260 }   support: 0.803633  frequency: 10090240
1215th: 5 { 4438 4436 4432 4426 17 }   support: 0.803633  frequency: 10090240
1216th: 7 { 7112 7092 4438 4432 4426 265 260 }   support: 0.803633  frequency: 10090240
1217th: 6 { 7102 7092 4438 4432 265 260 }   support: 0.803633  frequency: 10090240
1218th: 9 { 7092 7062 4940 4438 4432 4404 3404 265 260 }   support: 0.803633  frequency: 10090240
1219th: 9 { 7112 4438 4436 4434 265 260 184 180 170 }   support: 0.803633  frequency: 10090240
1220th: 9 { 7112 7062 4438 4426 265 260 188 184 180 }   support: 0.803613  frequency: 10089984
1221th: 12 { 7062 4438 4432 4428 4426 4404 3404 265 260 184 180 170 }   support: 0.803613  frequency: 10089984
1222th: 10 { 7062 4940 4438 4434 4430 4404 3404 184 180 170 }   support: 0.803613  frequency: 10089984
1223th: 5 { 7112 4438 4434 188 17 }   support: 0.803613  frequency: 10089984
1224th: 7 { 7112 7102 7092 4940 4438 4434 4428 }   support: 0.803613  frequency: 10089984
1225th: 7 { 7112 7102 7092 4940 4438 4432 170 }   support: 0.803613  frequency: 10089984
1226th: 8 { 4438 4436 4434 4428 4426 265 260 188 }   support: 0.803613  frequency: 10089984
1227th: 10 { 7112 4940 4438 4428 4426 4404 3404 184 180 170 }   support: 0.803613  frequency: 10089984
1228th: 6 { 4438 4436 4434 4432 170 17 }   support: 0.803613  frequency: 10089984
1229th: 7 { 4438 4432 4430 4428 184 180 17 }   support: 0.803613  frequency: 10089984
1230th: 10 { 7102 7062 4940 4438 4436 4434 4432 4428 4426 170 }   support: 0.803613  frequency: 10089984
1231th: 8 { 7062 4438 4434 4432 4430 265 260 188 }   support: 0.803613  frequency: 10089984
1232th: 11 { 7092 7062 4940 4438 4434 4404 3404 188 184 180 170 }   support: 0.803593  frequency: 10089728
1233th: 11 { 7112 7092 7062 4438 4432 4428 4426 188 184 180 170 }   support: 0.803593  frequency: 10089728
1234th: 10 { 7092 7062 4438 4434 4432 4428 4404 3404 188 170 }   support: 0.803593  frequency: 10089728
1235th: 9 { 7112 7062 4438 4432 4428 4404 3404 188 170 }   support: 0.803593  frequency: 10089728
1236th: 9 { 7112 7102 7062 4940 4438 4434 4432 184 180 }   support: 0.803593  frequency: 10089728
1237th: 10 { 7112 7062 4438 4434 4432 4430 4428 188 184 180 }   support: 0.803593  frequency: 10089728
1238th: 10 { 7102 7062 4438 4434 4432 4430 4426 184 180 170 }   support: 0.803593  frequency: 10089728
1239th: 6 { 7102 7082 4438 4436 4432 4428 }   support: 0.803593  frequency: 10089728
1240th: 10 { 4940 4438 4436 4428 4404 3404 188 184 180 170 }   support: 0.803572  frequency: 10089472
1241th: 6 { 7082 7062 4940 4438 4432 170 }   support: 0.803572  frequency: 10089472
1242th: 9 { 7112 7092 7062 4438 4428 4426 4404 3404 170 }   support: 0.803572  frequency: 10089472
1243th: 6 { 7102 7082 4438 4434 4432 170 }   support: 0.803552  frequency: 10089216
1244th: 9 { 7092 4438 4432 4428 4426 265 260 188 170 }   support: 0.803552  frequency: 10089216
1245th: 8 { 7112 4438 4432 4428 265 260 188 170 }   support: 0.803552  frequency: 10089216
1246th: 9 { 4438 4434 4430 4404 3404 265 260 184 180 }   support: 0.803552  frequency: 10089216
1247th: 7 { 7092 4438 4434 4428 4426 170 17 }   support: 0.803552  frequency: 10089216
1248th: 10 { 7112 7062 4940 4438 4426 265 260 184 180 170 }   support: 0.803552  frequency: 10089216
1249th: 9 { 7112 7062 4940 4438 4436 4434 4432 4430 170 }   support: 0.803531  frequency: 10088960
1250th: 9 { 4438 4434 4432 4430 4426 265 260 184 180 }   support: 0.803531  frequency: 10088960
1251th: 9 { 7112 7062 4940 4438 4436 4434 4432 4430 4428 }   support: 0.803531  frequency: 10088960
1252th: 6 { 7082 4438 4436 188 184 180 }   support: 0.803531  frequency: 10088960
1253th: 10 { 7092 4940 4438 4434 265 260 188 184 180 170 }   support: 0.803511  frequency: 10088704
1254th: 10 { 7112 7062 4940 4438 4432 265 260 184 180 170 }   support: 0.803511  frequency: 10088704
1255th: 9 { 7102 7062 4438 4432 265 260 184 180 170 }   support: 0.803511  frequency: 10088704
1256th: 8 { 7092 4940 4438 4426 184 180 170 17 }   support: 0.803511  frequency: 10088704
1257th: 6 { 4940 4438 4432 4404 3404 17 }   support: 0.803511  frequency: 10088704
1258th: 9 { 7112 4940 4438 4434 4428 265 260 184 180 }   support: 0.803511  frequency: 10088704
1259th: 10 { 7092 4438 4436 4428 4426 4404 3404 184 180 170 }   support: 0.803511  frequency: 10088704
1260th: 8 { 7062 4438 4434 265 260 184 180 17 }   support: 0.803491  frequency: 10088448
1261th: 8 { 7102 7062 4438 4434 4432 265 260 170 }   support: 0.803491  frequency: 10088448
1262th: 10 { 7062 4940 4438 4436 4434 4430 188 184 180 170 }   support: 0.803491  frequency: 10088448
1263th: 9 { 7102 7062 4940 4438 4432 4428 188 184 180 }   support: 0.803491  frequency: 10088448
1264th: 7 { 7092 7062 4940 4438 4434 170 17 }   support: 0.803491  frequency: 10088448
1265th: 7 { 7112 4438 4434 184 180 170 17 }   support: 0.803491  frequency: 10088448
1266th: 8 { 7112 7092 4438 4436 4432 4430 4428 4426 }   support: 0.803491  frequency: 10088448
1267th: 10 { 7112 4438 4434 4430 4428 4426 188 184 180 170 }   support: 0.80347  frequency: 10088192
1268th: 7 { 7112 7102 7062 4438 4436 4434 188 }   support: 0.80347  frequency: 10088192
1269th: 10 { 7112 7092 4940 4438 4434 4432 188 184 180 170 }   support: 0.80347  frequency: 10088192
1270th: 9 { 4438 4436 4434 4432 4428 4404 3404 188 170 }   support: 0.80347  frequency: 10088192
1271th: 8 { 7102 7092 4940 4438 4436 4432 4428 4426 }   support: 0.80347  frequency: 10088192
1272th: 8 { 7092 7062 4940 4438 4436 4430 4428 188 }   support: 0.80347  frequency: 10088192
1273th: 5 { 7102 7092 7082 4438 4434 }   support: 0.80347  frequency: 10088192
1274th: 7 { 7092 7062 4438 4434 4426 170 17 }   support: 0.80347  frequency: 10088192
1275th: 7 { 7062 4438 4436 4428 4426 170 17 }   support: 0.80347  frequency: 10088192
1276th: 9 { 4438 4434 4432 4430 4426 4404 3404 184 180 }   support: 0.80347  frequency: 10088192
1277th: 9 { 7062 4438 4432 4430 4428 4426 4404 3404 188 }   support: 0.80345  frequency: 10087936
1278th: 8 { 7092 7062 4438 4436 4426 4404 3404 188 }   support: 0.80345  frequency: 10087936
1279th: 8 { 4438 4434 4432 4430 265 260 188 170 }   support: 0.80345  frequency: 10087936
1280th: 9 { 7112 7062 4940 4438 4430 4426 188 184 180 }   support: 0.80345  frequency: 10087936
1281th: 6 { 7082 4438 4436 4432 4428 4426 }   support: 0.80345  frequency: 10087936
1282th: 11 { 7092 7062 4940 4438 4434 4432 265 260 184 180 170 }   support: 0.803429  frequency: 10087680
1283th: 9 { 7062 4438 4430 4428 4404 3404 265 260 188 }   support: 0.803429  frequency: 10087680
1284th: 8 { 7112 7102 7062 4438 4434 188 184 180 }   support: 0.803429  frequency: 10087680
1285th: 9 { 7112 4940 4438 4404 3404 265 260 184 180 }   support: 0.803429  frequency: 10087680
1286th: 9 { 7112 7102 7062 4940 4438 4428 4426 184 180 }   support: 0.803429  frequency: 10087680
1287th: 11 { 7112 7092 7062 4438 4434 4432 4428 188 184 180 170 }   support: 0.803429  frequency: 10087680
1288th: 10 { 7062 4940 4438 4434 4430 265 260 184 180 170 }   support: 0.803429  frequency: 10087680
1289th: 10 { 4438 4436 4426 4404 3404 265 260 184 180 170 }   support: 0.803409  frequency: 10087424
1290th: 9 { 7092 4438 4432 4426 4404 3404 265 260 170 }   support: 0.803409  frequency: 10087424
1291th: 8 { 7112 7062 4438 4436 4432 4404 3404 170 }   support: 0.803409  frequency: 10087424
1292th: 9 { 7102 7062 4940 4438 4436 4434 4430 184 180 }   support: 0.803409  frequency: 10087424
1293th: 6 { 7082 4940 4438 4432 184 180 }   support: 0.803409  frequency: 10087424
1294th: 10 { 7102 4940 4438 4436 4434 4432 4428 4426 184 180 }   support: 0.803409  frequency: 10087424
1295th: 10 { 7112 4438 4432 4428 4426 265 260 184 180 170 }   support: 0.803409  frequency: 10087424
1296th: 8 { 7062 4438 4436 4432 4430 4428 4404 3404 }   support: 0.803409  frequency: 10087424
1297th: 8 { 7112 7102 7062 4438 4428 188 184 180 }   support: 0.803409  frequency: 10087424
1298th: 8 { 7102 4940 4438 4436 4430 4428 4426 170 }   support: 0.803409  frequency: 10087424
1299th: 5 { 7082 4940 4438 4432 4428 }   support: 0.803389  frequency: 10087168
1300th: 9 { 4940 4438 4430 265 260 188 184 180 170 }   support: 0.803389  frequency: 10087168
1301th: 7 { 7112 4438 4436 4430 4426 188 170 }   support: 0.803389  frequency: 10087168
1302th: 7 { 7092 4940 4438 4430 4404 3404 188 }   support: 0.803389  frequency: 10087168
1303th: 9 { 7102 7092 4438 4436 4428 188 184 180 170 }   support: 0.803389  frequency: 10087168
1304th: 9 { 7092 7062 4438 4430 4428 4404 3404 188 170 }   support: 0.803389  frequency: 10087168
1305th: 10 { 7062 4940 4438 4436 4428 4426 4404 3404 184 180 }   support: 0.803389  frequency: 10087168
1306th: 10 { 7092 4438 4436 4434 4428 265 260 184 180 170 }   support: 0.803389  frequency: 10087168
1307th: 7 { 7092 7082 7062 4438 4428 184 180 }   support: 0.803368  frequency: 10086912
1308th: 7 { 7092 4940 4438 4428 188 170 17 }   support: 0.803368  frequency: 10086912
1309th: 8 { 7092 4438 4432 4430 4428 4426 265 260 }   support: 0.803368  frequency: 10086912
1310th: 9 { 4940 4438 4428 4426 188 184 180 170 17 }   support: 0.803368  frequency: 10086912
1311th: 9 { 4438 4436 4432 4428 265 260 188 184 180 }   support: 0.803368  frequency: 10086912
1312th: 10 { 7062 4940 4438 4436 4428 4426 265 260 184 180 }   support: 0.803368  frequency: 10086912
1313th: 7 { 7102 7092 4940 4438 4430 4428 4426 }   support: 0.803368  frequency: 10086912
1314th: 7 { 7082 4438 4434 4426 184 180 170 }   support: 0.803368  frequency: 10086912
1315th: 10 { 7092 4438 4436 4434 4428 4404 3404 184 180 170 }   support: 0.803368  frequency: 10086912
1316th: 8 { 7112 7102 7092 4438 4436 4434 4428 170 }   support: 0.803368  frequency: 10086912
1317th: 11 { 7092 7062 4940 4438 4434 4432 4404 3404 184 180 170 }   support: 0.803368  frequency: 10086912
1318th: 10 { 7092 7062 4940 4438 4436 4434 4426 188 184 180 }   support: 0.803368  frequency: 10086912
1319th: 9 { 7092 7062 4438 4436 4434 4430 4428 188 170 }   support: 0.803348  frequency: 10086656
1320th: 9 { 7112 4438 4430 4428 265 260 184 180 170 }   support: 0.803348  frequency: 10086656
1321th: 9 { 7112 7092 4940 4438 4432 4426 188 184 180 }   support: 0.803348  frequency: 10086656
1322th: 8 { 7102 7092 4438 4436 4432 4430 4428 170 }   support: 0.803348  frequency: 10086656
1323th: 6 { 7102 7092 7082 4438 4436 170 }   support: 0.803348  frequency: 10086656
1324th: 10 { 7112 7062 4438 4428 4426 4404 3404 188 184 180 }   support: 0.803348  frequency: 10086656
1325th: 8 { 4438 4436 4434 4430 4428 4404 3404 170 }   support: 0.803348  frequency: 10086656
1326th: 7 { 7092 7062 4940 4438 4428 4426 17 }   support: 0.803348  frequency: 10086656
1327th: 10 { 7092 7062 4940 4438 4434 4426 4404 3404 184 180 }   support: 0.803348  frequency: 10086656
1328th: 8 { 4438 4436 4434 4430 4428 265 260 170 }   support: 0.803348  frequency: 10086656
1329th: 6 { 7102 4438 4432 4430 4426 188 }   support: 0.803348  frequency: 10086656
1330th: 10 { 7092 7062 4438 4434 4404 3404 265 260 188 170 }   support: 0.803327  frequency: 10086400
1331th: 9 { 7112 7062 4438 4436 4428 265 260 184 180 }   support: 0.803327  frequency: 10086400
1332th: 9 { 7062 4438 4436 4432 4428 4404 3404 265 260 }   support: 0.803327  frequency: 10086400
1333th: 11 { 7062 4438 4436 4428 4426 4404 3404 188 184 180 170 }   support: 0.803327  frequency: 10086400
1334th: 7 { 7112 7102 7092 4438 4432 4426 170 }   support: 0.803327  frequency: 10086400
1335th: 6 { 7102 7092 4438 4436 4404 3404 }   support: 0.803327  frequency: 10086400
1336th: 7 { 7102 4438 4434 4432 4430 188 170 }   support: 0.803327  frequency: 10086400
1337th: 9 { 7112 7092 7062 4438 4436 4430 4426 184 180 }   support: 0.803327  frequency: 10086400
1338th: 7 { 7112 7102 4940 4438 4434 4432 4426 }   support: 0.803327  frequency: 10086400
1339th: 4 { 7082 4438 4432 188 }   support: 0.803327  frequency: 10086400
1340th: 6 { 7102 7092 4438 4430 4428 188 }   support: 0.803327  frequency: 10086400
1341th: 6 { 7092 4438 4434 4432 188 17 }   support: 0.803327  frequency: 10086400
1342th: 8 { 7092 4940 4438 4432 4426 4404 3404 188 }   support: 0.803307  frequency: 10086144
1343th: 8 { 7112 7092 7062 4940 4438 4436 4428 188 }   support: 0.803307  frequency: 10086144
1344th: 8 { 7102 4438 4436 4428 265 260 184 180 }   support: 0.803307  frequency: 10086144
1345th: 11 { 7062 4940 4438 4434 4432 4428 4426 4404 3404 184 180 }   support: 0.803307  frequency: 10086144
1346th: 7 { 7102 4438 4436 4434 4428 4404 3404 }   support: 0.803307  frequency: 10086144
1347th: 9 { 7092 7062 4438 4432 4426 265 260 188 170 }   support: 0.803307  frequency: 10086144
1348th: 8 { 7112 4940 4438 4436 265 260 184 180 }   support: 0.803307  frequency: 10086144
1349th: 5 { 7082 4438 4436 4430 170 }   support: 0.803307  frequency: 10086144
1350th: 9 { 7112 4940 4438 4434 4428 4404 3404 184 180 }   support: 0.803307  frequency: 10086144
1351th: 8 { 7102 7092 4438 4432 4430 4428 4426 170 }   support: 0.803307  frequency: 10086144
1352th: 9 { 7062 4438 4434 4432 4430 4428 4404 3404 188 }   support: 0.803287  frequency: 10085888
1353th: 7 { 7102 4940 4438 4434 265 260 170 }   support: 0.803287  frequency: 10085888
1354th: 10 { 7112 7062 4940 4438 4426 4404 3404 184 180 170 }   support: 0.803287  frequency: 10085888
1355th: 7 { 7062 4940 4438 4434 4428 188 17 }   support: 0.803287  frequency: 10085888
1356th: 11 { 7062 4940 4438 4436 4434 4432 4428 4426 188 184 180 }   support: 0.803287  frequency: 10085888
1357th: 11 { 4940 4438 4434 4432 4428 4404 3404 188 184 180 170 }   support: 0.803287  frequency: 10085888
1358th: 7 { 7092 7062 4438 4428 4404 3404 17 }   support: 0.803287  frequency: 10085888
1359th: 6 { 7082 4438 4436 4432 4426 170 }   support: 0.803287  frequency: 10085888
1360th: 6 { 7092 4940 4438 4426 188 17 }   support: 0.803266  frequency: 10085632
1361th: 8 { 7062 4940 4438 4434 4432 184 180 17 }   support: 0.803266  frequency: 10085632
1362th: 8 { 7112 7102 7062 4438 4434 4430 4428 170 }   support: 0.803266  frequency: 10085632
1363th: 10 { 7112 7092 4940 4438 4436 4434 4428 4426 184 180 }   support: 0.803266  frequency: 10085632
1364th: 9 { 4438 4436 4432 4428 4404 3404 265 260 170 }   support: 0.803266  frequency: 10085632
1365th: 10 { 7062 4940 4438 4436 4434 4428 4404 3404 184 180 }   support: 0.803266  frequency: 10085632
1366th: 8 { 7092 7062 4438 4430 4404 3404 265 260 }   support: 0.803266  frequency: 10085632
1367th: 6 { 7082 7062 4438 4436 188 170 }   support: 0.803266  frequency: 10085632
1368th: 9 { 7092 4438 4432 4428 4426 4404 3404 265 260 }   support: 0.803266  frequency: 10085632
1369th: 6 { 7092 4940 4438 4432 4428 17 }   support: 0.803266  frequency: 10085632
1370th: 8 { 7102 7062 4940 4438 265 260 184 180 }   support: 0.803246  frequency: 10085376
1371th: 10 { 7112 7092 7062 4940 4438 4434 4432 4430 184 180 }   support: 0.803246  frequency: 10085376
1372th: 8 { 7102 7092 7062 4438 4436 4430 4428 4426 }   support: 0.803246  frequency: 10085376
1373th: 10 { 7092 7062 4940 4438 4434 4432 4430 188 184 180 }   support: 0.803246  frequency: 10085376
1374th: 9 { 7112 7062 4940 4438 4428 4404 3404 188 170 }   support: 0.803246  frequency: 10085376
1375th: 9 { 4438 4434 4430 4428 265 260 188 184 180 }   support: 0.803246  frequency: 10085376
1376th: 8 { 7112 4940 4438 4432 4430 4428 4426 188 }   support: 0.803226  frequency: 10085120
1377th: 12 { 7062 4438 4434 4428 4404 3404 265 260 188 184 180 170 }   support: 0.803226  frequency: 10085120
1378th: 8 { 7102 7092 7062 4438 4434 4430 4426 170 }   support: 0.803226  frequency: 10085120
1379th: 8 { 7082 4438 4436 4428 4426 184 180 170 }   support: 0.803226  frequency: 10085120
1380th: 9 { 7092 7062 4940 4438 4434 4430 4426 188 170 }   support: 0.803226  frequency: 10085120
1381th: 8 { 7112 7102 4438 4432 4430 184 180 170 }   support: 0.803226  frequency: 10085120
1382th: 10 { 7092 4940 4438 4434 4428 4426 4404 3404 184 180 }   support: 0.803226  frequency: 10085120
1383th: 9 { 7092 4438 4436 4432 4430 4428 188 184 180 }   support: 0.803205  frequency: 10084864
1384th: 7 { 7102 7082 7062 4438 4436 4432 170 }   support: 0.803205  frequency: 10084864
1385th: 9 { 7112 7092 4438 4436 4428 4426 188 184 180 }   support: 0.803205  frequency: 10084864
1386th: 10 { 7062 4940 4438 4436 4432 4430 188 184 180 170 }   support: 0.803205  frequency: 10084864
1387th: 6 { 7062 4940 4438 4430 4428 17 }   support: 0.803205  frequency: 10084864
1388th: 5 { 4438 4436 4404 3404 3403 }   support: 0.803205  frequency: 10084864
1389th: 9 { 7112 4438 4436 4434 4404 3404 184 180 170 }   support: 0.803205  frequency: 10084864
1390th: 6 { 7112 7102 4940 4438 4434 4430 }   support: 0.803205  frequency: 10084864
1391th: 7 { 7092 4438 4436 4426 265 260 188 }   support: 0.803185  frequency: 10084608
1392th: 6 { 7112 7062 4438 4428 188 17 }   support: 0.803185  frequency: 10084608
1393th: 6 { 4940 4438 4404 3404 3403 188 }   support: 0.803185  frequency: 10084608
1394th: 9 { 7102 7062 4438 4436 4404 3404 184 180 170 }   support: 0.803185  frequency: 10084608
1395th: 12 { 7062 4438 4434 4432 4428 4404 3404 265 260 184 180 170 }   support: 0.803185  frequency: 10084608
1396th: 9 { 7102 7092 7062 4438 4436 4434 188 184 180 }   support: 0.803164  frequency: 10084352
1397th: 7 { 7112 7102 7062 4438 4436 4432 4430 }   support: 0.803164  frequency: 10084352
1398th: 10 { 7112 7092 7062 4438 4404 3404 188 184 180 170 }   support: 0.803164  frequency: 10084352
1399th: 6 { 7082 7062 4940 4438 4436 4432 }   support: 0.803164  frequency: 10084352
1400th: 8 { 7112 4438 4432 4428 4404 3404 265 260 }   support: 0.803164  frequency: 10084352
1401th: 10 { 7092 7062 4940 4438 4404 3404 265 260 188 170 }   support: 0.803164  frequency: 10084352
1402th: 10 { 7112 7062 4940 4438 4436 4432 188 184 180 170 }   support: 0.803164  frequency: 10084352
1403th: 9 { 7062 4438 4430 4426 4404 3404 265 260 170 }   support: 0.803164  frequency: 10084352
1404th: 9 { 7102 7092 7062 4940 4438 4436 4434 4432 4428 }   support: 0.803164  frequency: 10084352
1405th: 7 { 7062 4438 4426 4404 3404 3403 170 }   support: 0.803164  frequency: 10084352
1406th: 8 { 4940 4438 4434 4430 4404 3404 188 170 }   support: 0.803164  frequency: 10084352
1407th: 6 { 4438 4432 4428 4404 3404 3403 }   support: 0.803144  frequency: 10084096
1408th: 8 { 7092 4438 4434 4432 4430 4428 265 260 }   support: 0.803144  frequency: 10084096
1409th: 10 { 7112 7062 4438 4436 4432 4426 188 184 180 170 }   support: 0.803144  frequency: 10084096
1410th: 7 { 7092 4940 4438 4430 4426 265 260 }   support: 0.803144  frequency: 10084096
1411th: 8 { 7092 4438 4432 4430 4428 4426 4404 3404 }   support: 0.803144  frequency: 10084096
1412th: 8 { 4438 4432 4404 3404 188 184 180 17 }   support: 0.803144  frequency: 10084096
1413th: 8 { 4438 4434 4432 4430 4404 3404 265 260 }   support: 0.803144  frequency: 10084096
1414th: 9 { 7112 7102 4940 4438 4432 4428 184 180 170 }   support: 0.803144  frequency: 10084096
1415th: 6 { 4940 4438 4432 4426 188 17 }   support: 0.803144  frequency: 10084096
1416th: 8 { 7112 4940 4438 4434 4432 4430 188 170 }   support: 0.803144  frequency: 10084096
1417th: 7 { 7102 7092 4940 4438 4436 4430 170 }   support: 0.803124  frequency: 10083840
1418th: 10 { 7092 7062 4940 4438 4434 4426 265 260 184 180 }   support: 0.803124  frequency: 10083840
1419th: 8 { 7112 4438 4436 4432 4404 3404 184 180 }   support: 0.803124  frequency: 10083840
1420th: 8 { 7112 7062 4438 4432 4428 265 260 188 }   support: 0.803124  frequency: 10083840
1421th: 8 { 7102 7062 4438 4436 4434 4404 3404 170 }   support: 0.803124  frequency: 10083840
1422th: 7 { 4438 4436 4434 4428 184 180 17 }   support: 0.803124  frequency: 10083840
1423th: 8 { 7102 4438 4434 4432 265 260 184 180 }   support: 0.803124  frequency: 10083840
1424th: 8 { 7102 7092 7062 4438 4436 4434 4432 4430 }   support: 0.803124  frequency: 10083840
1425th: 9 { 7112 4940 4438 4434 4430 4428 188 184 180 }   support: 0.803124  frequency: 10083840
1426th: 7 { 7112 4438 4430 4404 3404 188 170 }   support: 0.803124  frequency: 10083840
1427th: 8 { 7112 7092 7062 4438 4436 4434 4430 4426 }   support: 0.803124  frequency: 10083840
1428th: 9 { 7062 4438 4436 4434 4432 4404 3404 265 260 }   support: 0.803103  frequency: 10083584
1429th: 10 { 7102 7092 7062 4438 4434 4430 4428 184 180 170 }   support: 0.803103  frequency: 10083584
1430th: 6 { 7112 7092 7062 4438 170 17 }   support: 0.803103  frequency: 10083584
1431th: 7 { 7112 4940 4438 4426 265 260 188 }   support: 0.803103  frequency: 10083584
1432th: 8 { 7112 7092 4940 4438 4436 4428 188 170 }   support: 0.803103  frequency: 10083584
1433th: 7 { 7092 4940 4438 4430 4426 4404 3404 }   support: 0.803103  frequency: 10083584
1434th: 11 { 7112 7062 4438 4436 4434 4430 4428 4426 184 180 170 }   support: 0.803103  frequency: 10083584
1435th: 10 { 7062 4940 4438 4432 4430 4428 4404 3404 184 180 }   support: 0.803103  frequency: 10083584
1436th: 6 { 7102 4940 4438 4404 3404 188 }   support: 0.803103  frequency: 10083584
1437th: 8 { 7102 7092 4940 4438 4434 188 184 180 }   support: 0.803083  frequency: 10083328
1438th: 12 { 7062 4940 4438 4428 4426 4404 3404 265 260 184 180 170 }   support: 0.803083  frequency: 10083328
1439th: 8 { 7092 4438 4436 4434 4432 4430 188 170 }   support: 0.803083  frequency: 10083328
1440th: 7 { 7062 4940 4438 4432 4428 188 17 }   support: 0.803083  frequency: 10083328
1441th: 7 { 7062 4438 4430 4426 184 180 17 }   support: 0.803083  frequency: 10083328
1442th: 11 { 7062 4438 4436 4434 4428 4404 3404 188 184 180 170 }   support: 0.803083  frequency: 10083328
1443th: 9 { 7112 4940 4438 4436 4434 4432 4430 184 180 }   support: 0.803083  frequency: 10083328
1444th: 8 { 4438 4436 4432 4430 4428 265 260 170 }   support: 0.803083  frequency: 10083328
1445th: 10 { 7062 4940 4438 4430 4428 4426 4404 3404 184 180 }   support: 0.803062  frequency: 10083072
1446th: 8 { 7112 7062 4438 4428 184 180 170 17 }   support: 0.803062  frequency: 10083072
1447th: 9 { 4438 4434 4432 4430 4428 4404 3404 188 170 }   support: 0.803062  frequency: 10083072
1448th: 8 { 7082 7062 4438 4434 4432 184 180 170 }   support: 0.803062  frequency: 10083072
1449th: 9 { 4438 4430 4426 4404 3404 265 260 184 180 }   support: 0.803062  frequency: 10083072
1450th: 9 { 7092 4438 4436 4430 4428 4426 188 184 180 }   support: 0.803042  frequency: 10082816
1451th: 9 { 7062 4940 4438 4434 4428 184 180 170 17 }   support: 0.803042  frequency: 10082816
1452th: 10 { 7062 4940 4438 4432 4430 4428 265 260 184 180 }   support: 0.803042  frequency: 10082816
1453th: 9 { 7062 4438 4436 4432 4428 265 260 188 170 }   support: 0.803042  frequency: 10082816
1454th: 10 { 7062 4438 4436 4432 4404 3404 265 260 184 180 }   support: 0.803042  frequency: 10082816
1455th: 11 { 7062 4438 4436 4434 4404 3404 265 260 184 180 170 }   support: 0.803042  frequency: 10082816
1456th: 10 { 7112 4438 4432 4428 4426 4404 3404 184 180 170 }   support: 0.803022  frequency: 10082560
1457th: 9 { 7062 4940 4438 4426 188 184 180 170 17 }   support: 0.803022  frequency: 10082560
1458th: 9 { 7112 7092 4940 4438 4434 4428 4426 188 170 }   support: 0.803022  frequency: 10082560
1459th: 10 { 7062 4940 4438 4436 4434 4428 265 260 184 180 }   support: 0.803001  frequency: 10082304
1460th: 7 { 7092 4940 4438 4436 4434 4430 188 }   support: 0.803001  frequency: 10082304
1461th: 7 { 7082 4940 4438 4434 184 180 170 }   support: 0.803001  frequency: 10082304
1462th: 7 { 7112 7092 4940 4438 4436 4426 188 }   support: 0.803001  frequency: 10082304
1463th: 4 { 7112 7082 4438 4432 }   support: 0.803001  frequency: 10082304
1464th: 10 { 7102 7092 4438 4436 4434 4432 4426 184 180 170 }   support: 0.803001  frequency: 10082304
1465th: 7 { 4940 4438 4434 4432 4428 170 17 }   support: 0.803001  frequency: 10082304
1466th: 9 { 7112 7092 7062 4940 4438 4434 4426 188 170 }   support: 0.803001  frequency: 10082304
1467th: 10 { 4940 4438 4430 4428 4404 3404 188 184 180 170 }   support: 0.803001  frequency: 10082304
1468th: 9 { 7062 4438 4436 4434 4432 265 260 188 170 }   support: 0.803001  frequency: 10082304
1469th: 7 { 7102 7082 7062 4438 4436 4434 4428 }   support: 0.802981  frequency: 10082048
1470th: 8 { 7092 4940 4438 4434 4432 4430 4426 188 }   support: 0.802981  frequency: 10082048
1471th: 6 { 4940 4438 4436 4428 170 17 }   support: 0.802981  frequency: 10082048
1472th: 11 { 7062 4940 4438 4434 4432 4428 4426 265 260 184 180 }   support: 0.802981  frequency: 10082048
1473th: 7 { 7112 7092 4438 4432 4426 4404 3404 }   support: 0.802981  frequency: 10082048
1474th: 9 { 7062 4438 4434 4430 4428 265 260 188 170 }   support: 0.802981  frequency: 10082048
1475th: 9 { 4438 4436 4434 4432 265 260 188 184 180 }   support: 0.802981  frequency: 10082048
1476th: 8 { 7092 4438 4430 4428 265 260 188 170 }   support: 0.80296  frequency: 10081792
1477th: 9 { 7102 7092 4438 4434 4432 188 184 180 170 }   support: 0.80296  frequency: 10081792
1478th: 10 { 7112 7062 4940 4438 4432 4404 3404 184 180 170 }   support: 0.80296  frequency: 10081792
1479th: 11 { 7112 7092 7062 4940 4438 4434 4430 4428 184 180 170 }   support: 0.80296  frequency: 10081792
1480th: 8 { 7092 4438 4434 4432 4430 4428 4404 3404 }   support: 0.80296  frequency: 10081792
1481th: 10 { 7092 4438 4434 4432 4404 3404 265 260 184 180 }   support: 0.80296  frequency: 10081792
1482th: 9 { 7092 7062 4438 4432 4428 4426 265 260 188 }   support: 0.80296  frequency: 10081792
1483th: 7 { 7092 7082 4438 4436 4434 184 180 }   support: 0.80296  frequency: 10081792
1484th: 10 { 7112 4438 4436 4432 4428 4426 188 184 180 170 }   support: 0.80294  frequency: 10081536
1485th: 11 { 7092 7062 4940 4438 4436 4434 4432 188 184 180 170 }   support: 0.80294  frequency: 10081536
1486th: 9 { 7112 7102 7062 4438 4430 4428 184 180 170 }   support: 0.80294  frequency: 10081536
1487th: 7 { 7102 4940 4438 4428 4404 3404 170 }   support: 0.80294  frequency: 10081536
1488th: 6 { 7102 4438 4436 265 260 188 }   support: 0.80294  frequency: 10081536
1489th: 8 { 4940 4438 4430 4426 4404 3404 188 170 }   support: 0.80294  frequency: 10081536
1490th: 6 { 7092 4438 4434 4404 3404 17 }   support: 0.80294  frequency: 10081536
1491th: 9 { 7092 4940 4438 4436 4428 265 260 184 180 }   support: 0.80294  frequency: 10081536
1492th: 9 { 7062 4940 4438 4432 4428 184 180 170 17 }   support: 0.80292  frequency: 10081280
1493th: 10 { 7092 4940 4438 4434 4428 4426 265 260 184 180 }   support: 0.80292  frequency: 10081280
1494th: 9 { 7112 4940 4438 4432 4428 265 260 184 180 }   support: 0.80292  frequency: 10081280
1495th: 9 { 7062 4438 4428 4404 3404 3403 184 180 170 }   support: 0.80292  frequency: 10081280
1496th: 10 { 4438 4436 4428 4426 265 260 188 184 180 170 }   support: 0.80292  frequency: 10081280
1497th: 9 { 7112 7092 7062 4940 4438 4434 4428 4426 188 }   support: 0.80292  frequency: 10081280
1498th: 10 { 7112 7062 4438 4432 4430 4426 188 184 180 170 }   support: 0.802899  frequency: 10081024
1499th: 9 { 7112 7102 7092 4438 4436 4428 184 180 170 }   support: 0.802899  frequency: 10081024
1500th: 8 { 7102 4940 4438 4436 4434 4432 4430 170 }   support: 0.802899  frequency: 10081024
1501th: 8 { 7062 4438 4434 4432 4428 4426 170 17 }   support: 0.802899  frequency: 10081024
1502th: 10 { 7112 7062 4438 4428 4404 3404 265 260 184 180 }   support: 0.802899  frequency: 10081024
1503th: 9 { 7112 4438 4430 4428 4404 3404 184 180 170 }   support: 0.802879  frequency: 10080768
1504th: 10 { 7092 7062 4438 4432 4430 265 260 184 180 170 }   support: 0.802879  frequency: 10080768
1505th: 9 { 7112 7062 4438 4432 265 260 188 184 180 }   support: 0.802879  frequency: 10080768
1506th: 10 { 7062 4940 4438 4430 4428 4426 265 260 184 180 }   support: 0.802879  frequency: 10080768
1507th: 8 { 7102 7092 4438 4434 4426 188 184 180 }   support: 0.802879  frequency: 10080768
1508th: 9 { 4438 4436 4434 4432 4404 3404 265 260 170 }   support: 0.802879  frequency: 10080768
1509th: 7 { 7112 7092 4438 4436 4432 4426 188 }   support: 0.802879  frequency: 10080768
1510th: 10 { 7112 7102 7062 4438 4432 4428 4426 184 180 170 }   support: 0.802879  frequency: 10080768
1511th: 8 { 7112 7102 4438 4434 4430 4428 184 180 }   support: 0.802879  frequency: 10080768
1512th: 8 { 7112 7102 7062 4438 4432 4430 184 180 }   support: 0.802879  frequency: 10080768
1513th: 8 { 7102 7082 4438 4436 4434 184 180 170 }   support: 0.802879  frequency: 10080768
1514th: 9 { 7092 4940 4438 4436 4428 4404 3404 184 180 }   support: 0.802879  frequency: 10080768
1515th: 7 { 7092 4438 4432 4428 4426 170 17 }   support: 0.802879  frequency: 10080768
1516th: 7 { 7092 7082 7062 4438 4434 184 180 }   support: 0.802879  frequency: 10080768
1517th: 8 { 7092 4438 4436 4434 265 260 188 170 }   support: 0.802879  frequency: 10080768
1518th: 8 { 4940 4438 4432 4426 184 180 170 17 }   support: 0.802859  frequency: 10080512
1519th: 9 { 7112 4438 4426 4404 3404 265 260 184 180 }   support: 0.802859  frequency: 10080512
1520th: 11 { 4940 4438 4434 4404 3404 265 260 188 184 180 170 }   support: 0.802859  frequency: 10080512
1521th: 8 { 7102 7092 7062 4438 4436 4432 188 170 }   support: 0.802859  frequency: 10080512
1522th: 9 { 7112 7062 4940 4438 4434 4428 265 260 170 }   support: 0.802859  frequency: 10080512
1523th: 9 { 7112 7092 4438 4436 4434 4428 188 184 180 }   support: 0.802838  frequency: 10080256
1524th: 7 { 7102 7062 4940 4438 4434 265 260 }   support: 0.802838  frequency: 10080256
1525th: 10 { 7112 7062 4438 4432 4426 265 260 184 180 170 }   support: 0.802838  frequency: 10080256
1526th: 7 { 7102 4438 4434 4426 4404 3404 170 }   support: 0.802838  frequency: 10080256
1527th: 6 { 7092 7082 4438 4436 4432 170 }   support: 0.802838  frequency: 10080256
1528th: 6 { 7112 7102 4438 4434 4426 188 }   support: 0.802838  frequency: 10080256
1529th: 6 { 4438 4436 4426 188 170 17 }   support: 0.802838  frequency: 10080256
1530th: 5 { 4438 4434 4430 4426 17 }   support: 0.802838  frequency: 10080256
1531th: 8 { 7092 4438 4436 4434 4404 3404 265 260 }   support: 0.802838  frequency: 10080256
1532th: 10 { 7092 4940 4438 4426 265 260 188 184 180 170 }   support: 0.802838  frequency: 10080256
1533th: 7 { 4940 4438 4428 265 260 170 17 }   support: 0.802838  frequency: 10080256
1534th: 8 { 7102 7062 4438 4432 4430 188 184 180 }   support: 0.802818  frequency: 10080000
1535th: 9 { 7092 4438 4434 4432 4428 265 260 188 170 }   support: 0.802818  frequency: 10080000
1536th: 8 { 7062 4438 4434 4404 3404 188 170 17 }   support: 0.802818  frequency: 10080000
1537th: 6 { 7102 7082 7062 4940 4438 4436 }   support: 0.802818  frequency: 10080000
1538th: 7 { 7102 7092 4940 4438 4436 4430 4428 }   support: 0.802818  frequency: 10080000
1539th: 10 { 7112 4940 4438 4436 4434 4430 4428 184 180 170 }   support: 0.802818  frequency: 10080000
1540th: 8 { 7062 4438 4404 3404 265 260 188 17 }   support: 0.802797  frequency: 10079744
1541th: 8 { 7112 4940 4438 4428 4404 3404 265 260 }   support: 0.802797  frequency: 10079744
1542th: 9 { 4438 4434 4430 4428 4404 3404 265 260 170 }   support: 0.802797  frequency: 10079744
1543th: 8 { 7062 4940 4438 4434 4430 4404 3404 188 }   support: 0.802797  frequency: 10079744
1544th: 10 { 7102 7092 4940 4438 4436 4434 4432 184 180 170 }   support: 0.802797  frequency: 10079744
1545th: 10 { 7062 4940 4438 4430 4426 4404 3404 184 180 170 }   support: 0.802797  frequency: 10079744
1546th: 10 { 7112 4438 4434 4432 4428 265 260 184 180 170 }   support: 0.802797  frequency: 10079744
1547th: 11 { 7092 7062 4940 4438 4428 265 260 188 184 180 170 }   support: 0.802797  frequency: 10079744
1548th: 8 { 7112 7062 4940 4438 4436 265 260 170 }   support: 0.802797  frequency: 10079744
1549th: 7 { 7102 4940 4438 4436 4434 4426 188 }   support: 0.802797  frequency: 10079744
1550th: 8 { 7112 4940 4438 4428 4426 4404 3404 188 }   support: 0.802797  frequency: 10079744
1551th: 7 { 7062 4438 4432 4404 3404 3403 170 }   support: 0.802777  frequency: 10079488
1552th: 8 { 4438 4436 4432 4430 4428 4404 3404 170 }   support: 0.802777  frequency: 10079488
1553th: 8 { 7102 7092 7062 4438 4436 4434 4428 188 }   support: 0.802777  frequency: 10079488
1554th: 7 { 7092 7082 7062 4438 4436 4434 170 }   support: 0.802777  frequency: 10079488
1555th: 8 { 7112 7102 7092 7062 4438 4434 4432 4428 }   support: 0.802777  frequency: 10079488
1556th: 9 { 7092 7062 4438 4432 4426 4404 3404 265 260 }   support: 0.802777  frequency: 10079488
1557th: 7 { 4940 4438 4428 4404 3404 188 17 }   support: 0.802777  frequency: 10079488
1558th: 7 { 7112 7062 4438 4430 4404 3404 188 }   support: 0.802777  frequency: 10079488
1559th: 7 { 4438 4434 4428 4404 3404 188 17 }   support: 0.802777  frequency: 10079488
1560th: 9 { 7112 7062 4438 4436 4428 4404 3404 184 180 }   support: 0.802777  frequency: 10079488
1561th: 8 { 7102 4438 4428 4426 4404 3404 184 180 }   support: 0.802757  frequency: 10079232
1562th: 5 { 7082 4438 4430 4428 170 }   support: 0.802757  frequency: 10079232
1563th: 8 { 4940 4438 4434 4430 4426 4404 3404 170 }   support: 0.802757  frequency: 10079232
1564th: 11 { 7062 4438 4430 4428 4404 3404 265 260 184 180 170 }   support: 0.802736  frequency: 10078976
1565th: 10 { 7102 7092 7062 4438 4436 4434 4432 4426 184 180 }   support: 0.802736  frequency: 10078976
1566th: 11 { 7092 7062 4940 4438 4436 4432 4428 188 184 180 170 }   support: 0.802736  frequency: 10078976
1567th: 11 { 7112 7092 7062 4940 4438 4436 4434 4432 184 180 170 }   support: 0.802736  frequency: 10078976
1568th: 11 { 7062 4438 4436 4404 3404 265 260 188 184 180 170 }   support: 0.802736  frequency: 10078976
1569th: 8 { 7092 4940 4438 4436 4430 4428 188 170 }   support: 0.802736  frequency: 10078976
1570th: 6 { 4438 4432 4404 3404 3403 188 }   support: 0.802736  frequency: 10078976
1571th: 11 { 7092 7062 4438 4434 4428 265 260 188 184 180 170 }   support: 0.802736  frequency: 10078976
1572th: 5 { 4940 4438 4436 4426 17 }   support: 0.802736  frequency: 10078976
1573th: 8 { 7112 7102 4940 4438 4436 4434 4432 170 }   support: 0.802716  frequency: 10078720
1574th: 7 { 7102 4438 4434 4432 4428 4404 3404 }   support: 0.802716  frequency: 10078720
1575th: 11 { 7112 7062 4940 4438 4434 4432 4430 4426 184 180 170 }   support: 0.802716  frequency: 10078720
1576th: 8 { 7062 4940 4438 4436 4434 4430 4426 188 }   support: 0.802716  frequency: 10078720
1577th: 10 { 7092 4940 4438 4432 4428 4426 4404 3404 184 180 }   support: 0.802716  frequency: 10078720
1578th: 9 { 7092 4438 4434 4432 4428 4404 3404 265 260 }   support: 0.802716  frequency: 10078720
1579th: 9 { 7062 4438 4434 4430 4428 4404 3404 265 260 }   support: 0.802695  frequency: 10078464
1580th: 10 { 7092 7062 4438 4432 4430 4404 3404 184 180 170 }   support: 0.802695  frequency: 10078464
1581th: 8 { 7092 7062 4438 4436 4434 265 260 188 }   support: 0.802695  frequency: 10078464
1582th: 11 { 7092 4940 4438 4428 4404 3404 265 260 184 180 170 }   support: 0.802695  frequency: 10078464
1583th: 7 { 7092 7062 4438 4434 4428 4426 17 }   support: 0.802675  frequency: 10078208
1584th: 9 { 7092 7062 4940 4438 4430 4404 3404 184 180 }   support: 0.802675  frequency: 10078208
1585th: 6 { 7112 4438 4430 265 260 188 }   support: 0.802675  frequency: 10078208
1586th: 8 { 7112 7092 7062 4940 4438 4430 188 170 }   support: 0.802675  frequency: 10078208
1587th: 8 { 7102 4438 4436 4434 4432 4428 4426 188 }   support: 0.802675  frequency: 10078208
1588th: 10 { 7062 4940 4438 4430 4426 265 260 184 180 170 }   support: 0.802675  frequency: 10078208
1589th: 10 { 7102 4438 4436 4434 4430 4428 4426 184 180 170 }   support: 0.802675  frequency: 10078208
1590th: 8 { 7062 4438 4436 4430 4428 4426 265 260 }   support: 0.802675  frequency: 10078208
1591th: 9 { 7092 7062 4940 4438 4430 265 260 184 180 }   support: 0.802655  frequency: 10077952
1592th: 9 { 7112 7092 4438 4432 4430 188 184 180 170 }   support: 0.802655  frequency: 10077952
1593th: 9 { 7112 7062 4940 4438 4434 4428 4404 3404 170 }   support: 0.802655  frequency: 10077952
1594th: 8 { 4438 4432 4430 4428 4426 265 260 188 }   support: 0.802655  frequency: 10077952
1595th: 8 { 7062 4940 4438 4404 3404 188 170 17 }   support: 0.802634  frequency: 10077696
1596th: 8 { 7112 7102 7062 4940 4438 4436 4428 4426 }   support: 0.802634  frequency: 10077696
1597th: 8 { 7112 4438 4436 4426 265 260 184 180 }   support: 0.802634  frequency: 10077696
1598th: 12 { 7062 4438 4432 4428 4404 3404 265 260 188 184 180 170 }   support: 0.802634  frequency: 10077696
1599th: 8 { 7112 7102 7092 4940 4438 4434 184 180 }   support: 0.802634  frequency: 10077696
1600th: 6 { 7102 7082 7062 4438 4428 4426 }   support: 0.802634  frequency: 10077696
1601th: 8 { 7102 7062 4438 4426 4404 3404 184 180 }   support: 0.802634  frequency: 10077696
1602th: 8 { 7102 7062 4438 4432 4428 265 260 170 }   support: 0.802634  frequency: 10077696
1603th: 10 { 7092 4438 4432 4404 3404 265 260 188 184 180 }   support: 0.802634  frequency: 10077696
1604th: 7 { 4438 4428 4426 4404 3404 3403 170 }   support: 0.802634  frequency: 10077696
1605th: 8 { 4438 4426 4404 3404 3403 184 180 170 }   support: 0.802634  frequency: 10077696
1606th: 9 { 7092 4438 4434 4428 4404 3404 265 260 188 }   support: 0.802614  frequency: 10077440
1607th: 10 { 7102 7062 4438 4436 4434 4430 4428 4426 184 180 }   support: 0.802614  frequency: 10077440
1608th: 8 { 7112 4940 4438 4432 4404 3404 188 170 }   support: 0.802614  frequency: 10077440
1609th: 8 { 7102 7092 4940 4438 4436 4432 4426 170 }   support: 0.802614  frequency: 10077440
1610th: 8 { 7112 7092 7062 4438 4434 4432 265 260 }   support: 0.802614  frequency: 10077440
1611th: 8 { 7112 4940 4438 4434 4432 4430 4428 188 }   support: 0.802614  frequency: 10077440
1612th: 8 { 7092 4438 4430 4428 4404 3404 265 260 }   support: 0.802614  frequency: 10077440
1613th: 7 { 7102 7092 4940 4438 4434 4428 188 }   support: 0.802614  frequency: 10077440
1614th: 8 { 7092 4940 4438 4436 4432 265 260 170 }   support: 0.802614  frequency: 10077440
1615th: 8 { 7112 7092 4438 4434 4432 265 260 170 }   support: 0.802614  frequency: 10077440
1616th: 8 { 7112 7102 4438 4436 188 184 180 170 }   support: 0.802593  frequency: 10077184
1617th: 8 { 7112 7062 4940 4438 4428 265 260 188 }   support: 0.802593  frequency: 10077184
1618th: 8 { 7102 7062 4438 4428 4426 4404 3404 170 }   support: 0.802593  frequency: 10077184
1619th: 8 { 7112 4940 4438 4436 4404 3404 184 180 }   support: 0.802593  frequency: 10077184
1620th: 7 { 7112 7102 7092 4940 4438 4436 4434 }   support: 0.802593  frequency: 10077184
1621th: 9 { 7092 7062 4438 4434 4432 4428 265 260 188 }   support: 0.802593  frequency: 10077184
1622th: 7 { 7102 4940 4438 4434 4432 4426 188 }   support: 0.802593  frequency: 10077184
1623th: 10 { 7092 4940 4438 4436 4434 4430 4428 4426 184 180 }   support: 0.802593  frequency: 10077184
1624th: 8 { 7112 7102 7092 4940 4438 4428 184 180 }   support: 0.802593  frequency: 10077184
1625th: 7 { 7062 4940 4438 265 260 188 17 }   support: 0.802573  frequency: 10076928
1626th: 8 { 7092 7062 4940 4438 4436 4432 265 260 }   support: 0.802573  frequency: 10076928
1627th: 7 { 7062 4438 4434 265 260 188 17 }   support: 0.802573  frequency: 10076928
1628th: 10 { 7112 4438 4404 3404 265 260 188 184 180 170 }   support: 0.802553  frequency: 10076672
1629th: 9 { 7102 7092 7062 4438 4428 4426 188 184 180 }   support: 0.802553  frequency: 10076672
1630th: 8 { 7112 4438 4432 4426 4404 3404 188 170 }   support: 0.802553  frequency: 10076672
1631th: 8 { 7092 7062 4438 4430 4428 265 260 188 }   support: 0.802553  frequency: 10076672
1632th: 9 { 4438 4428 265 260 188 184 180 170 17 }   support: 0.802532  frequency: 10076416
1633th: 9 { 7112 4940 4438 4432 4428 4404 3404 184 180 }   support: 0.802532  frequency: 10076416
1634th: 10 { 4940 4438 4434 4430 4428 4404 3404 184 180 170 }   support: 0.802532  frequency: 10076416
1635th: 7 { 7112 7102 4438 4436 4434 188 170 }   support: 0.802532  frequency: 10076416
1636th: 10 { 7092 7062 4438 4436 265 260 188 184 180 170 }   support: 0.802532  frequency: 10076416
1637th: 6 { 7102 7082 7062 4438 4432 4428 }   support: 0.802532  frequency: 10076416
1638th: 6 { 7092 7082 4940 4438 184 180 }   support: 0.802532  frequency: 10076416
1639th: 8 { 7102 4438 4432 4428 265 260 184 180 }   support: 0.802532  frequency: 10076416
1640th: 10 { 7092 4940 4438 4432 4428 4426 265 260 184 180 }   support: 0.802532  frequency: 10076416
1641th: 9 { 7092 4940 4438 4434 4432 4404 3404 188 170 }   support: 0.802512  frequency: 10076160
1642th: 8 { 7112 4438 4432 4428 4426 4404 3404 188 }   support: 0.802512  frequency: 10076160
1643th: 8 { 7102 4438 4436 4434 4432 4426 188 170 }   support: 0.802512  frequency: 10076160
1644th: 9 { 7092 7062 4438 4436 4432 4430 4428 188 170 }   support: 0.802512  frequency: 10076160
1645th: 7 { 7102 7062 4438 4434 4426 4404 3404 }   support: 0.802512  frequency: 10076160
1646th: 7 { 7092 4438 265 260 188 170 17 }   support: 0.802492  frequency: 10075904
1647th: 8 { 7112 7062 4940 4438 4426 4404 3404 188 }   support: 0.802492  frequency: 10075904
1648th: 10 { 7112 7062 4438 4432 4426 4404 3404 184 180 170 }   support: 0.802492  frequency: 10075904
1649th: 9 { 7092 4438 4436 4430 4426 188 184 180 170 }   support: 0.802492  frequency: 10075904
1650th: 12 { 7062 4438 4434 4432 4428 4426 4404 3404 188 184 180 170 }   support: 0.802492  frequency: 10075904
1651th: 7 { 7112 4438 4436 4434 4404 3404 188 }   support: 0.802492  frequency: 10075904
1652th: 8 { 4940 4438 4434 4430 4426 265 260 170 }   support: 0.802492  frequency: 10075904
1653th: 8 { 4940 4438 4404 3404 3403 184 180 170 }   support: 0.802492  frequency: 10075904
1654th: 7 { 7062 4940 4438 4404 3404 3403 170 }   support: 0.802492  frequency: 10075904
1655th: 9 { 7092 4940 4438 4428 4404 3404 265 260 188 }   support: 0.802492  frequency: 10075904
1656th: 7 { 7102 7062 4438 4436 4434 4430 188 }   support: 0.802492  frequency: 10075904
1657th: 10 { 7112 7062 4940 4438 4436 4434 4430 4428 184 180 }   support: 0.802471  frequency: 10075648
1658th: 8 { 7062 4940 4438 4434 4430 4426 4404 3404 }   support: 0.802471  frequency: 10075648
1659th: 8 { 7102 4940 4438 4436 4434 4432 4430 4428 }   support: 0.802471  frequency: 10075648
1660th: 6 { 7102 7082 7062 4438 4426 170 }   support: 0.802471  frequency: 10075648
1661th: 10 { 7112 4438 4434 4432 4428 4404 3404 184 180 170 }   support: 0.802471  frequency: 10075648
1662th: 7 { 7112 7092 4438 4432 4430 4426 188 }   support: 0.802451  frequency: 10075392
1663th: 7 { 7092 4940 4438 4436 4432 4430 188 }   support: 0.802451  frequency: 10075392
1664th: 7 { 7102 4438 4436 4404 3404 188 170 }   support: 0.802451  frequency: 10075392
1665th: 7 { 7112 7102 7092 4438 4436 4434 4426 }   support: 0.802451  frequency: 10075392
1666th: 11 { 4438 4434 4426 4404 3404 265 260 188 184 180 170 }   support: 0.802451  frequency: 10075392
1667th: 11 { 7092 4438 4434 4428 4404 3404 265 260 184 180 170 }   support: 0.802451  frequency: 10075392
1668th: 8 { 7062 4438 4428 4426 4404 3404 188 17 }   support: 0.802451  frequency: 10075392
1669th: 7 { 7102 4438 4434 4432 4430 4428 188 }   support: 0.802451  frequency: 10075392
1670th: 7 { 7112 7102 4438 4426 188 184 180 }   support: 0.802451  frequency: 10075392
1671th: 7 { 7102 4438 4434 4428 4426 4404 3404 }   support: 0.80243  frequency: 10075136
1672th: 8 { 7112 7102 4438 4436 4430 184 180 170 }   support: 0.80243  frequency: 10075136
1673th: 8 { 7102 4438 4436 4434 4404 3404 184 180 }   support: 0.80243  frequency: 10075136
1674th: 11 { 7112 7092 7062 4940 4438 4436 4432 4428 184 180 170 }   support: 0.80243  frequency: 10075136
1675th: 8 { 7062 4438 4436 4430 4428 4426 4404 3404 }   support: 0.80243  frequency: 10075136
1676th: 7 { 4438 4434 4428 265 260 170 17 }   support: 0.80243  frequency: 10075136
1677th: 7 { 4940 4438 4436 4430 4428 265 260 }   support: 0.80241  frequency: 10074880
1678th: 10 { 7112 7092 7062 4940 4438 265 260 184 180 170 }   support: 0.80241  frequency: 10074880
1679th: 9 { 7112 4438 4428 4426 4404 3404 265 260 170 }   support: 0.80241  frequency: 10074880
1680th: 8 { 7092 4438 4436 4428 4426 4404 3404 188 }   support: 0.80239  frequency: 10074624
1681th: 8 { 7112 4940 4438 4434 4426 265 260 170 }   support: 0.80239  frequency: 10074624
1682th: 9 { 4438 4426 4404 3404 188 184 180 170 17 }   support: 0.80239  frequency: 10074624
1683th: 6 { 7112 7102 4940 4438 4428 188 }   support: 0.80239  frequency: 10074624
1684th: 8 { 7092 7062 4438 265 260 184 180 17 }   support: 0.80239  frequency: 10074624
1685th: 8 { 7102 4438 265 260 188 184 180 170 }   support: 0.80239  frequency: 10074624
1686th: 8 { 7102 7092 4438 4404 3404 184 180 170 }   support: 0.80239  frequency: 10074624
1687th: 9 { 7112 7062 4940 4438 4404 3404 265 260 170 }   support: 0.80239  frequency: 10074624
1688th: 8 { 7062 4940 4438 4436 4432 4430 4426 188 }   support: 0.80239  frequency: 10074624
1689th: 6 { 4940 4438 4426 265 260 17 }   support: 0.802369  frequency: 10074368
1690th: 9 { 4438 4434 4428 4426 188 184 180 170 17 }   support: 0.802369  frequency: 10074368
1691th: 8 { 7112 7102 7092 7062 4438 4434 4428 4426 }   support: 0.802369  frequency: 10074368
1692th: 8 { 4438 4436 4430 4428 4426 265 260 170 }   support: 0.802369  frequency: 10074368
1693th: 5 { 7082 7062 4438 4428 188 }   support: 0.802369  frequency: 10074368
1694th: 8 { 7112 4940 4438 4436 4434 4432 4428 188 }   support: 0.802349  frequency: 10074112
1695th: 10 { 7092 4940 4438 4436 4434 4428 4426 188 184 180 }   support: 0.802349  frequency: 10074112
1696th: 8 { 4438 4436 4434 4432 4428 265 260 188 }   support: 0.802349  frequency: 10074112
1697th: 9 { 7112 7102 7092 4438 4428 4426 184 180 170 }   support: 0.802349  frequency: 10074112
1698th: 10 { 7092 7062 4438 4434 4432 4404 3404 265 260 170 }   support: 0.802349  frequency: 10074112
1699th: 11 { 7092 7062 4940 4438 4426 4404 3404 188 184 180 170 }   support: 0.802349  frequency: 10074112
1700th: 7 { 7102 7092 4438 4428 265 260 170 }   support: 0.802349  frequency: 10074112
1701th: 9 { 7102 7092 7062 4438 4436 4434 4430 184 180 }   support: 0.802328  frequency: 10073856
1702th: 7 { 7112 4940 4438 4436 4428 265 260 }   support: 0.802328  frequency: 10073856
1703th: 7 { 7062 4940 4438 4434 4432 4428 17 }   support: 0.802328  frequency: 10073856
1704th: 9 { 7102 7092 4438 4436 4434 4430 184 180 170 }   support: 0.802328  frequency: 10073856
1705th: 9 { 7112 7062 4940 4438 4432 4428 265 260 170 }   support: 0.802328  frequency: 10073856
1706th: 6 { 7112 7082 7062 4438 184 180 }   support: 0.802328  frequency: 10073856
1707th: 9 { 7112 4940 4438 4436 4432 4428 188 184 180 }   support: 0.802328  frequency: 10073856
1708th: 9 { 7112 7062 4438 4436 4434 4432 4428 4426 188 }   support: 0.802328  frequency: 10073856
1709th: 8 { 7062 4940 4438 4434 4430 4426 265 260 }   support: 0.802328  frequency: 10073856
1710th: 9 { 7062 4438 4434 4426 188 184 180 170 17 }   support: 0.802328  frequency: 10073856
1711th: 9 { 7112 4438 4436 4434 4432 4426 188 184 180 }   support: 0.802308  frequency: 10073600
1712th: 9 { 7112 7102 7092 7062 4940 4438 184 180 170 }   support: 0.802308  frequency: 10073600
1713th: 5 { 7102 7092 7082 4438 4428 }   support: 0.802308  frequency: 10073600
1714th: 10 { 7102 7092 7062 4940 4438 4436 4434 4432 184 180 }   support: 0.802308  frequency: 10073600
1715th: 5 { 7102 7082 4940 4438 4434 }   support: 0.802288  frequency: 10073344
1716th: 7 { 7102 7082 4438 4436 4432 184 180 }   support: 0.802288  frequency: 10073344
1717th: 8 { 7112 7102 7092 4438 4434 4426 184 180 }   support: 0.802288  frequency: 10073344
1718th: 11 { 7112 7062 4438 4436 4432 4430 4428 4426 184 180 170 }   support: 0.802288  frequency: 10073344
1719th: 10 { 7112 7062 4438 4434 4430 4428 4426 188 184 180 }   support: 0.802288  frequency: 10073344
1720th: 8 { 7112 7062 4438 4436 4426 265 260 170 }   support: 0.802288  frequency: 10073344
1721th: 9 { 7112 4438 4436 4430 4428 188 184 180 170 }   support: 0.802288  frequency: 10073344
1722th: 9 { 7112 7062 4438 4428 4426 265 260 188 170 }   support: 0.802288  frequency: 10073344
1723th: 9 { 7112 4940 4438 4436 4434 4432 188 184 180 }   support: 0.802267  frequency: 10073088
1724th: 7 { 4438 4404 3404 3403 265 260 170 }   support: 0.802267  frequency: 10073088
1725th: 8 { 7092 4438 4436 4434 4432 4430 4428 188 }   support: 0.802267  frequency: 10073088
1726th: 10 { 7092 7062 4940 4438 4436 4434 4430 4428 4426 170 }   support: 0.802267  frequency: 10073088
1727th: 8 { 7102 4438 4434 4430 4428 188 184 180 }   support: 0.802267  frequency: 10073088
1728th: 8 { 7102 7062 4940 4438 4436 4434 4432 188 }   support: 0.802267  frequency: 10073088
1729th: 7 { 7102 7062 4438 4436 4404 3404 188 }   support: 0.802267  frequency: 10073088
1730th: 7 { 4940 4438 4436 4430 4428 4404 3404 }   support: 0.802267  frequency: 10073088
1731th: 7 { 7102 7062 4940 4438 4428 4404 3404 }   support: 0.802267  frequency: 10073088
1732th: 10 { 7112 7092 7062 4438 4434 265 260 184 180 170 }   support: 0.802267  frequency: 10073088
1733th: 8 { 7112 4940 4438 4434 4426 4404 3404 170 }   support: 0.802267  frequency: 10073088
1734th: 11 { 4940 4438 4426 4404 3404 265 260 188 184 180 170 }   support: 0.802267  frequency: 10073088
1735th: 11 { 7092 4940 4438 4428 4426 4404 3404 188 184 180 170 }   support: 0.802267  frequency: 10073088
1736th: 9 { 7112 7062 4940 4438 4434 4430 4428 188 170 }   support: 0.802267  frequency: 10073088
1737th: 7 { 4438 4432 4428 4404 3404 188 17 }   support: 0.802247  frequency: 10072832
1738th: 7 { 7062 4438 4430 4428 188 170 17 }   support: 0.802247  frequency: 10072832
1739th: 8 { 7092 4940 4438 4436 4432 4404 3404 170 }   support: 0.802247  frequency: 10072832
1740th: 11 { 7062 4940 4438 4434 4428 4404 3404 265 260 184 180 }   support: 0.802247  frequency: 10072832
1741th: 9 { 7102 7092 7062 4940 4438 4436 4434 4428 4426 }   support: 0.802247  frequency: 10072832
1742th: 10 { 4940 4438 4434 4430 4428 265 260 184 180 170 }   support: 0.802247  frequency: 10072832
1743th: 6 { 7102 7082 4438 4426 184 180 }   support: 0.802226  frequency: 10072576
1744th: 8 { 7082 4438 4436 4434 4432 184 180 170 }   support: 0.802226  frequency: 10072576
1745th: 7 { 7092 7082 4438 4436 4428 184 180 }   support: 0.802226  frequency: 10072576
1746th: 8 { 4438 4436 4430 4428 4426 4404 3404 170 }   support: 0.802226  frequency: 10072576
1747th: 7 { 4438 4432 4428 265 260 170 17 }   support: 0.802226  frequency: 10072576
1748th: 9 { 7102 7092 4438 4432 4428 188 184 180 170 }   support: 0.802226  frequency: 10072576
1749th: 6 { 7112 7102 4940 4438 4434 188 }   support: 0.802226  frequency: 10072576
1750th: 8 { 7112 7102 7062 4438 4436 4430 184 180 }   support: 0.802226  frequency: 10072576
1751th: 7 { 7112 7092 4940 4438 4436 4430 4426 }   support: 0.802226  frequency: 10072576
1752th: 9 { 7102 7092 4940 4438 4436 4434 4426 184 180 }   support: 0.802226  frequency: 10072576
1753th: 10 { 7112 4940 4438 4436 4432 4430 4428 184 180 170 }   support: 0.802206  frequency: 10072320
1754th: 8 { 7092 7062 4940 4438 4436 4432 4404 3404 }   support: 0.802206  frequency: 10072320
1755th: 10 { 7092 4940 4438 4432 4430 4428 4426 188 184 180 }   support: 0.802206  frequency: 10072320
1756th: 8 { 7112 7092 7062 4940 4438 4430 4428 188 }   support: 0.802206  frequency: 10072320
1757th: 5 { 7082 4438 4428 188 170 }   support: 0.802206  frequency: 10072320
1758th: 8 { 7062 4438 4428 4426 265 260 170 17 }   support: 0.802186  frequency: 10072064
1759th: 8 { 4940 4438 4428 4404 3404 184 180 17 }   support: 0.802186  frequency: 10072064
1760th: 8 { 7062 4940 4438 4430 4426 4404 3404 188 }   support: 0.802186  frequency: 10072064
1761th: 7 { 4438 4434 4432 4404 3404 170 17 }   support: 0.802186  frequency: 10072064
1762th: 5 { 7082 4438 4436 4430 4428 }   support: 0.802186  frequency: 10072064
1763th: 11 { 7062 4940 4438 4432 4428 4404 3404 265 260 184 180 }   support: 0.802186  frequency: 10072064
1764th: 9 { 7092 7062 4940 4438 4428 184 180 170 17 }   support: 0.802186  frequency: 10072064
1765th: 6 { 7062 4940 4438 4436 4428 17 }   support: 0.802165  frequency: 10071808
1766th: 7 { 7102 7092 4438 4436 4434 4430 4426 }   support: 0.802165  frequency: 10071808
1767th: 8 { 7112 7092 7062 4940 4438 4436 4434 188 }   support: 0.802165  frequency: 10071808
1768th: 11 { 7062 4940 4438 4434 4428 4426 4404 3404 188 184 180 }   support: 0.802165  frequency: 10071808
1769th: 7 { 4438 4432 265 260 188 170 17 }   support: 0.802165  frequency: 10071808
1770th: 11 { 7092 4940 4440 4438 4436 4434 4432 4430 4428 4426 4414 }   support: 0.802165  frequency: 10071808
1771th: 10 { 7092 4438 4430 4428 4426 265 260 184 180 170 }   support: 0.802165  frequency: 10071808
1772th: 10 { 7092 7062 4940 4438 4432 4426 4404 3404 184 180 }   support: 0.802145  frequency: 10071552
1773th: 10 { 7092 4438 4430 4428 4426 4404 3404 184 180 170 }   support: 0.802145  frequency: 10071552
1774th: 10 { 7112 7092 7062 4438 4436 4434 4430 184 180 170 }   support: 0.802145  frequency: 10071552
1775th: 7 { 7082 7062 4438 4436 4434 4426 170 }   support: 0.802145  frequency: 10071552
1776th: 9 { 7112 7102 7092 7062 4438 4436 4428 184 180 }   support: 0.802145  frequency: 10071552
1777th: 10 { 7092 4940 4438 4434 4432 4428 4404 3404 184 180 }   support: 0.802145  frequency: 10071552
1778th: 7 { 7102 7082 4438 4432 184 180 170 }   support: 0.802125  frequency: 10071296
1779th: 10 { 7092 4940 4438 4436 4432 4430 4428 4426 184 180 }   support: 0.802125  frequency: 10071296
1780th: 8 { 7092 4438 4436 4434 4428 4404 3404 188 }   support: 0.802125  frequency: 10071296
1781th: 9 { 7112 7062 4438 4426 4404 3404 265 260 170 }   support: 0.802125  frequency: 10071296
1782th: 11 { 7062 4438 4430 4428 4426 4404 3404 188 184 180 170 }   support: 0.802125  frequency: 10071296
1783th: 9 { 7112 7102 7062 4940 4438 4432 4428 184 180 }   support: 0.802125  frequency: 10071296
1784th: 6 { 7102 7092 7082 4438 184 180 }   support: 0.802125  frequency: 10071296
1785th: 11 { 7092 7062 4438 4434 4426 4404 3404 188 184 180 170 }   support: 0.802104  frequency: 10071040
1786th: 10 { 7112 7092 7062 4940 4438 4436 4434 4428 4426 170 }   support: 0.802104  frequency: 10071040
1787th: 8 { 7112 7102 4940 4438 4436 4426 184 180 }   support: 0.802104  frequency: 10071040
1788th: 9 { 7092 7062 4940 4438 4436 4428 265 260 170 }   support: 0.802104  frequency: 10071040
1789th: 10 { 7092 7062 4438 4426 4404 3404 265 260 188 170 }   support: 0.802104  frequency: 10071040
1790th: 8 { 7102 7062 4438 4434 4430 4428 188 170 }   support: 0.802104  frequency: 10071040
1791th: 7 { 7082 7062 4438 4434 4426 184 180 }   support: 0.802104  frequency: 10071040
1792th: 7 { 7092 7062 4438 4432 4426 170 17 }   support: 0.802104  frequency: 10071040
1793th: 10 { 7092 4438 4436 4404 3404 265 260 184 180 170 }   support: 0.802104  frequency: 10071040
1794th: 9 { 7112 4438 4432 4404 3404 265 260 184 180 }   support: 0.802084  frequency: 10070784
1795th: 10 { 7092 7062 4940 4438 4432 4426 265 260 184 180 }   support: 0.802084  frequency: 10070784
1796th: 8 { 7092 4940 4438 4434 184 180 170 17 }   support: 0.802084  frequency: 10070784
1797th: 8 { 7102 7062 4438 4436 4428 4404 3404 170 }   support: 0.802084  frequency: 10070784
1798th: 7 { 7112 7102 4438 4434 4430 4428 4426 }   support: 0.802084  frequency: 10070784
1799th: 8 { 7112 7062 4940 4438 4436 4404 3404 170 }   support: 0.802084  frequency: 10070784
1800th: 7 { 7092 7062 4438 4432 4428 4426 17 }   support: 0.802084  frequency: 10070784
1801th: 7 { 7112 4940 4438 4430 265 260 170 }   support: 0.802084  frequency: 10070784
1802th: 7 { 7112 4438 4432 4426 265 260 188 }   support: 0.802063  frequency: 10070528
1803th: 7 { 7112 4940 4438 4432 265 260 188 }   support: 0.802063  frequency: 10070528
1804th: 8 { 7102 7092 4438 4432 4430 4426 184 180 }   support: 0.802063  frequency: 10070528
1805th: 10 { 7112 7092 4940 4438 4436 4434 4432 4428 184 180 }   support: 0.802063  frequency: 10070528
1806th: 10 { 7062 4438 4432 4430 265 260 188 184 180 170 }   support: 0.802063  frequency: 10070528
1807th: 7 { 7112 4438 4428 4426 184 180 17 }   support: 0.802063  frequency: 10070528
1808th: 7 { 7082 7062 4940 4438 4428 184 180 }   support: 0.802043  frequency: 10070272
1809th: 7 { 7062 4438 4436 4428 188 170 17 }   support: 0.802043  frequency: 10070272
1810th: 8 { 7102 4940 4438 4436 4426 188 184 180 }   support: 0.802043  frequency: 10070272
1811th: 10 { 4438 4436 4434 4428 265 260 188 184 180 170 }   support: 0.802043  frequency: 10070272
1812th: 7 { 7092 4438 4434 4428 188 170 17 }   support: 0.802043  frequency: 10070272
1813th: 11 { 7092 4438 4434 4432 4428 4426 4404 3404 184 180 170 }   support: 0.802043  frequency: 10070272
1814th: 8 { 7102 7082 7062 4438 4436 4434 184 180 }   support: 0.802043  frequency: 10070272
1815th: 12 { 7062 4940 4438 4428 4404 3404 265 260 188 184 180 170 }   support: 0.802043  frequency: 10070272
1816th: 7 { 7112 4438 4430 4428 4404 3404 188 }   support: 0.802023  frequency: 10070016
1817th: 8 { 7112 7062 4438 4432 4426 4404 3404 188 }   support: 0.802023  frequency: 10070016
1818th: 10 { 7092 7062 4940 4438 4434 4428 4426 4404 3404 170 }   support: 0.802023  frequency: 10070016
1819th: 8 { 7092 4438 4436 4404 3404 265 260 188 }   support: 0.802023  frequency: 10070016
1820th: 10 { 7112 4940 4438 4436 4430 4428 4426 184 180 170 }   support: 0.802023  frequency: 10070016
1821th: 8 { 7102 4940 4438 4434 4432 4430 4428 4426 }   support: 0.802023  frequency: 10070016
1822th: 8 { 7112 4438 4436 4426 4404 3404 184 180 }   support: 0.802023  frequency: 10070016
1823th: 9 { 7092 7062 4940 4438 4434 4432 4404 3404 188 }   support: 0.802023  frequency: 10070016
1824th: 9 { 7102 7092 7062 4438 4436 4428 188 184 180 }   support: 0.802023  frequency: 10070016
1825th: 8 { 7102 7092 7062 4940 4438 4428 188 170 }   support: 0.802023  frequency: 10070016
1826th: 9 { 7092 7062 4438 4436 4430 4428 4426 188 170 }   support: 0.802023  frequency: 10070016
1827th: 8 { 4438 4434 4432 4430 4428 265 260 188 }   support: 0.802023  frequency: 10070016
1828th: 8 { 7112 7092 7062 4438 4436 4432 4430 4426 }   support: 0.802023  frequency: 10070016
1829th: 11 { 7092 7062 4438 4434 4432 4426 4404 3404 184 180 170 }   support: 0.802023  frequency: 10070016
1830th: 9 { 7092 7062 4438 4404 3404 184 180 170 17 }   support: 0.802002  frequency: 10069760
1831th: 9 { 7092 4940 4438 4430 4428 4404 3404 184 180 }   support: 0.802002  frequency: 10069760
1832th: 12 { 7112 7062 4440 4438 4436 4434 4432 4430 4428 4426 4414 170 }   support: 0.802002  frequency: 10069760
1833th: 9 { 4438 4436 4432 4426 4404 3404 188 184 180 }   support: 0.802002  frequency: 10069760
1834th: 8 { 7112 7102 7092 7062 4438 4436 4434 4432 }   support: 0.802002  frequency: 10069760
1835th: 10 { 4940 4438 4436 4434 4404 3404 188 184 180 170 }   support: 0.802002  frequency: 10069760
1836th: 8 { 7112 7092 4438 4434 4432 4404 3404 170 }   support: 0.802002  frequency: 10069760
1837th: 10 { 7112 7092 4438 4434 4432 4426 188 184 180 170 }   support: 0.802002  frequency: 10069760
1838th: 9 { 7112 7062 4438 4434 4432 4430 4428 4426 188 }   support: 0.801982  frequency: 10069504
1839th: 8 { 7092 7062 4438 4432 188 184 180 17 }   support: 0.801982  frequency: 10069504
1840th: 10 { 4940 4438 4436 4432 4428 4404 3404 184 180 170 }   support: 0.801982  frequency: 10069504
1841th: 11 { 7092 7062 4438 4436 4434 4432 4426 188 184 180 170 }   support: 0.801982  frequency: 10069504
1842th: 8 { 7062 4438 4432 265 260 184 180 17 }   support: 0.801982  frequency: 10069504
1843th: 9 { 4438 4434 4432 4426 4404 3404 265 260 188 }   support: 0.801982  frequency: 10069504
1844th: 8 { 7112 7092 7062 4438 4434 4432 4404 3404 }   support: 0.801982  frequency: 10069504
1845th: 6 { 7082 4940 4438 4436 4432 170 }   support: 0.801982  frequency: 10069504
1846th: 8 { 7102 7062 4438 4434 4432 4404 3404 170 }   support: 0.801982  frequency: 10069504
1847th: 10 { 7112 7062 4438 4434 4428 4426 265 260 184 180 }   support: 0.801982  frequency: 10069504
1848th: 11 { 7092 7062 4438 4434 4432 4426 265 260 184 180 170 }   support: 0.801982  frequency: 10069504
1849th: 7 { 7112 7102 7062 4438 4436 4428 188 }   support: 0.801982  frequency: 10069504
1850th: 8 { 7082 7062 4438 4436 4428 4426 184 180 }   support: 0.801961  frequency: 10069248
1851th: 10 { 4940 4438 4436 4432 4428 265 260 184 180 170 }   support: 0.801961  frequency: 10069248
1852th: 10 { 7112 7092 7062 4940 4438 4434 4432 188 184 180 }   support: 0.801961  frequency: 10069248
1853th: 8 { 7112 7092 4940 4438 4430 4428 188 170 }   support: 0.801961  frequency: 10069248
1854th: 11 { 7092 4438 4434 4432 4428 4426 265 260 184 180 170 }   support: 0.801961  frequency: 10069248
1855th: 8 { 7102 7062 4940 4438 4436 4430 4426 170 }   support: 0.801941  frequency: 10068992
1856th: 7 { 7062 4438 4432 4430 4428 170 17 }   support: 0.801941  frequency: 10068992
1857th: 9 { 7112 7102 7092 7062 4438 4426 184 180 170 }   support: 0.801941  frequency: 10068992
1858th: 11 { 7102 7062 4940 4438 4436 4432 4428 4426 184 180 170 }   support: 0.801941  frequency: 10068992
1859th: 8 { 7092 7062 4438 4428 4426 188 170 17 }   support: 0.801941  frequency: 10068992
1860th: 7 { 7112 7102 4940 4438 188 184 180 }   support: 0.801941  frequency: 10068992
1861th: 7 { 4940 4438 4434 4430 265 260 188 }   support: 0.801941  frequency: 10068992
1862th: 5 { 4940 4438 4436 4432 17 }   support: 0.801941  frequency: 10068992
1863th: 8 { 7082 7062 4438 4432 4428 184 180 170 }   support: 0.801941  frequency: 10068992
1864th: 8 { 4438 4428 4404 3404 3403 188 184 180 }   support: 0.801941  frequency: 10068992
1865th: 9 { 7112 7062 4940 4438 4432 4428 4404 3404 170 }   support: 0.801941  frequency: 10068992
1866th: 6 { 7062 4438 4436 4426 188 17 }   support: 0.801921  frequency: 10068736
1867th: 10 { 7062 4940 4438 4434 4426 265 260 188 184 180 }   support: 0.801921  frequency: 10068736
1868th: 10 { 7102 7092 4438 4436 4434 4432 4428 4426 184 180 }   support: 0.801921  frequency: 10068736
1869th: 4 { 4438 4436 4430 17 }   support: 0.801921  frequency: 10068736
1870th: 8 { 7102 7092 4438 4436 4434 4428 188 170 }   support: 0.801921  frequency: 10068736
1871th: 7 { 7102 4940 4438 4434 4404 3404 170 }   support: 0.801921  frequency: 10068736
1872th: 11 { 7062 4940 4438 4434 4432 265 260 188 184 180 170 }   support: 0.801921  frequency: 10068736
1873th: 7 { 7082 7062 4438 4436 4434 4432 4428 }   support: 0.801921  frequency: 10068736
1874th: 10 { 7112 7062 4940 4438 4436 4426 188 184 180 170 }   support: 0.801921  frequency: 10068736
1875th: 10 { 7092 4940 4438 4434 4432 4428 265 260 184 180 }   support: 0.801921  frequency: 10068736
1876th: 6 { 7102 4940 4438 4426 265 260 }   support: 0.801921  frequency: 10068736
1877th: 10 { 7112 7062 4940 4438 4436 4432 4430 4428 184 180 }   support: 0.801921  frequency: 10068736
1878th: 9 { 7102 4438 4436 4432 4426 188 184 180 170 }   support: 0.801921  frequency: 10068736
1879th: 10 { 7102 7062 4940 4438 4434 4428 188 184 180 170 }   support: 0.801921  frequency: 10068736
1880th: 9 { 4438 4432 4430 4426 4404 3404 188 184 180 }   support: 0.801921  frequency: 10068736
1881th: 9 { 7102 7092 4438 4434 4432 4430 4428 184 180 }   support: 0.801921  frequency: 10068736
1882th: 8 { 7112 4438 4434 4432 4428 4404 3404 188 }   support: 0.8019  frequency: 10068480
1883th: 8 { 7102 7092 7062 4438 265 260 184 180 }   support: 0.8019  frequency: 10068480
1884th: 7 { 7102 7092 7062 4438 4428 265 260 }   support: 0.8019  frequency: 10068480
1885th: 11 { 7092 7062 4438 4432 4428 265 260 188 184 180 170 }   support: 0.8019  frequency: 10068480
1886th: 8 { 4438 4432 4430 4404 3404 265 260 188 }   support: 0.8019  frequency: 10068480
1887th: 9 { 7092 7062 4940 4438 4436 4428 4404 3404 170 }   support: 0.8019  frequency: 10068480
1888th: 9 { 7062 4438 4432 4404 3404 184 180 170 17 }   support: 0.8019  frequency: 10068480
1889th: 7 { 7112 7092 4438 184 180 170 17 }   support: 0.8019  frequency: 10068480
1890th: 6 { 7102 7082 4940 4438 4436 170 }   support: 0.8019  frequency: 10068480
1891th: 8 { 7112 7062 4940 4438 4432 4404 3404 188 }   support: 0.8019  frequency: 10068480
1892th: 9 { 7112 7102 7092 4438 4434 4432 184 180 170 }   support: 0.8019  frequency: 10068480
1893th: 5 { 7112 7082 7062 4438 4428 }   support: 0.8019  frequency: 10068480
1894th: 10 { 7112 7092 7062 4438 4434 4404 3404 184 180 170 }   support: 0.80188  frequency: 10068224
1895th: 9 { 7102 7062 4438 4432 4404 3404 184 180 170 }   support: 0.80188  frequency: 10068224
1896th: 8 { 4438 4434 4428 4404 3404 184 180 17 }   support: 0.80188  frequency: 10068224
1897th: 10 { 7112 7092 7062 4940 4438 4404 3404 184 180 170 }   support: 0.80188  frequency: 10068224
1898th: 8 { 7062 4940 4428 4426 188 184 180 17 }   support: 0.80188  frequency: 10068224
1899th: 11 { 7062 4438 4436 4434 4430 4428 4426 188 184 180 170 }   support: 0.801859  frequency: 10067968
1900th: 10 { 7102 7092 7062 4940 4438 4436 4426 184 180 170 }   support: 0.801859  frequency: 10067968
1901th: 11 { 7112 7092 7062 4438 4436 4434 4432 4426 184 180 170 }   support: 0.801859  frequency: 10067968
1902th: 11 { 7062 4940 4438 4432 4428 4426 4404 3404 188 184 180 }   support: 0.801859  frequency: 10067968
1903th: 8 { 7092 4438 4434 4426 184 180 170 17 }   support: 0.801859  frequency: 10067968
1904th: 10 { 7112 7062 4438 4436 4432 4428 4426 188 184 180 }   support: 0.801859  frequency: 10067968
1905th: 7 { 4430 4428 188 184 180 170 17 }   support: 0.801859  frequency: 10067968
1906th: 10 { 7092 4438 4428 4426 4404 3404 265 260 188 170 }   support: 0.801859  frequency: 10067968
1907th: 8 { 7112 7062 4438 4436 4426 4404 3404 170 }   support: 0.801859  frequency: 10067968
1908th: 9 { 7092 4940 4438 4430 4428 265 260 184 180 }   support: 0.801859  frequency: 10067968
1909th: 10 { 7112 7092 4940 4438 4432 4430 4428 4426 184 180 }   support: 0.801859  frequency: 10067968
1910th: 10 { 7092 4438 4434 4426 265 260 188 184 180 170 }   support: 0.801839  frequency: 10067712
1911th: 9 { 7112 7062 4438 4436 4434 265 260 184 180 }   support: 0.801839  frequency: 10067712
1912th: 5 { 7112 4438 4434 4432 17 }   support: 0.801839  frequency: 10067712
1913th: 7 { 4940 4438 4430 4426 265 260 188 }   support: 0.801839  frequency: 10067712
1914th: 9 { 4438 4432 4428 4426 188 184 180 170 17 }   support: 0.801839  frequency: 10067712
1915th: 6 { 7092 7082 4438 4426 184 180 }   support: 0.801839  frequency: 10067712
1916th: 10 { 7112 7062 4438 4434 4428 4426 4404 3404 184 180 }   support: 0.801839  frequency: 10067712
1917th: 9 { 7112 7062 4438 4432 4404 3404 265 260 170 }   support: 0.801839  frequency: 10067712
1918th: 9 { 7112 7092 7062 4940 4438 4432 4428 4426 188 }   support: 0.801819  frequency: 10067456
1919th: 11 { 7102 4440 4438 4436 4434 4432 4430 4428 4426 4414 170 }   support: 0.801819  frequency: 10067456
1920th: 9 { 4940 4438 4436 4432 4404 3404 188 184 180 }   support: 0.801819  frequency: 10067456
1921th: 7 { 7092 7062 4940 4438 4428 188 17 }   support: 0.801819  frequency: 10067456
1922th: 8 { 7112 7092 4940 4438 4436 4434 188 170 }   support: 0.801798  frequency: 10067200
1923th: 6 { 4940 4438 4434 4432 4426 17 }   support: 0.801798  frequency: 10067200
1924th: 10 { 7112 7092 4940 4438 4434 4432 4430 4428 184 180 }   support: 0.801798  frequency: 10067200
1925th: 5 { 7082 7062 4438 4434 188 }   support: 0.801798  frequency: 10067200
1926th: 8 { 7112 4438 4436 4428 4426 265 260 170 }   support: 0.801778  frequency: 10066944
1927th: 8 { 7112 4940 4438 4434 4428 4426 265 260 }   support: 0.801778  frequency: 10066944
1928th: 10 { 7092 7062 4940 4438 4436 4432 4430 4428 4426 170 }   support: 0.801778  frequency: 10066944
1929th: 9 { 7112 7092 4438 4428 4404 3404 188 184 180 }   support: 0.801778  frequency: 10066944
1930th: 10 { 7092 7062 4940 4438 4434 4428 4426 265 260 170 }   support: 0.801778  frequency: 10066944
1931th: 9 { 7102 7092 7062 4438 4434 4432 4430 4428 170 }   support: 0.801778  frequency: 10066944
1932th: 9 { 7112 7092 4940 4438 4432 4428 4426 188 170 }   support: 0.801778  frequency: 10066944
1933th: 11 { 7062 4438 4434 4432 4426 265 260 188 184 180 170 }   support: 0.801758  frequency: 10066688
1934th: 7 { 7112 4940 4438 4436 4428 4404 3404 }   support: 0.801758  frequency: 10066688
1935th: 8 { 4940 4438 4436 4434 4430 4426 188 170 }   support: 0.801758  frequency: 10066688
1936th: 5 { 4940 4438 4430 188 17 }   support: 0.801758  frequency: 10066688
1937th: 8 { 7112 7102 7062 4940 4438 4436 4432 4428 }   support: 0.801758  frequency: 10066688
1938th: 10 { 7092 7062 4438 4436 4434 4428 4404 3404 184 180 }   support: 0.801758  frequency: 10066688
1939th: 7 { 4940 4438 4430 184 180 170 17 }   support: 0.801737  frequency: 10066432
1940th: 6 { 7102 7092 4438 4432 4404 3404 }   support: 0.801737  frequency: 10066432
1941th: 7 { 7092 7062 4438 4436 4430 265 260 }   support: 0.801737  frequency: 10066432
1942th: 7 { 7062 4438 4434 4430 184 180 17 }   support: 0.801737  frequency: 10066432
1943th: 8 { 4940 4438 4434 4430 4428 4404 3404 188 }   support: 0.801737  frequency: 10066432
1944th: 9 { 7102 7062 4940 4438 4436 4434 4430 4428 170 }   support: 0.801737  frequency: 10066432
1945th: 7 { 7092 7082 7062 4438 4436 4428 170 }   support: 0.801737  frequency: 10066432
1946th: 10 { 4940 4438 4434 4428 4426 265 260 188 184 180 }   support: 0.801737  frequency: 10066432
1947th: 7 { 7062 4940 4432 4426 184 180 17 }   support: 0.801737  frequency: 10066432
1948th: 9 { 7102 7092 7062 4438 4434 4432 188 184 180 }   support: 0.801717  frequency: 10066176
1949th: 8 { 7102 7092 7062 4438 4434 4432 4428 188 }   support: 0.801717  frequency: 10066176
1950th: 11 { 7092 4438 4434 4428 4426 4404 3404 188 184 180 170 }   support: 0.801717  frequency: 10066176
1951th: 9 { 7092 4438 4432 4428 4404 3404 265 260 188 }   support: 0.801717  frequency: 10066176
1952th: 7 { 7112 7062 4940 4438 4430 265 260 }   support: 0.801717  frequency: 10066176
1953th: 9 { 7092 4430 4428 4404 3404 188 184 180 170 }   support: 0.801717  frequency: 10066176
1954th: 7 { 7112 7102 7062 4438 4428 4426 188 }   support: 0.801717  frequency: 10066176
1955th: 10 { 7102 7062 4940 4438 4430 4428 4426 184 180 170 }   support: 0.801717  frequency: 10066176
1956th: 9 { 7062 4438 4436 4432 4426 4404 3404 188 170 }   support: 0.801717  frequency: 10066176
1957th: 6 { 7092 7062 4404 3404 3403 170 }   support: 0.801696  frequency: 10065920
1958th: 6 { 7102 7092 7082 7062 4438 170 }   support: 0.801696  frequency: 10065920
1959th: 11 { 7062 4438 4436 4432 4428 4426 265 260 184 180 170 }   support: 0.801696  frequency: 10065920
1960th: 6 { 7092 4940 4438 4434 188 17 }   support: 0.801696  frequency: 10065920
1961th: 8 { 7102 4438 4436 4428 4404 3404 184 180 }   support: 0.801696  frequency: 10065920
1962th: 8 { 7062 4940 4432 188 184 180 170 17 }   support: 0.801696  frequency: 10065920
1963th: 11 { 7092 4438 4432 4428 4404 3404 265 260 184 180 170 }   support: 0.801696  frequency: 10065920
1964th: 7 { 7092 7062 4940 4438 4432 170 17 }   support: 0.801696  frequency: 10065920
1965th: 11 { 7062 4438 4434 4430 4428 4426 4404 3404 184 180 170 }   support: 0.801696  frequency: 10065920
1966th: 10 { 7092 7062 4438 4436 4428 4426 265 260 184 180 }   support: 0.801696  frequency: 10065920
1967th: 11 { 4438 4434 4432 4428 4426 265 260 188 184 180 170 }   support: 0.801696  frequency: 10065920
1968th: 10 { 7092 7062 4438 4436 4434 4428 265 260 184 180 }   support: 0.801696  frequency: 10065920
1969th: 6 { 7092 7062 4438 4430 170 17 }   support: 0.801696  frequency: 10065920
1970th: 8 { 4438 4432 4404 3404 3403 184 180 170 }   support: 0.801696  frequency: 10065920
1971th: 6 { 7092 4438 4434 4426 188 17 }   support: 0.801696  frequency: 10065920
1972th: 6 { 4940 4438 4436 188 170 17 }   support: 0.801676  frequency: 10065664
1973th: 8 { 7092 7062 4438 4436 4432 4426 265 260 }   support: 0.801676  frequency: 10065664
1974th: 6 { 7102 7082 4438 4428 4426 170 }   support: 0.801676  frequency: 10065664
1975th: 11 { 7062 4438 4436 4432 4428 4426 4404 3404 184 180 170 }   support: 0.801676  frequency: 10065664
1976th: 8 { 7082 7062 4438 4436 4434 4432 184 180 }   support: 0.801676  frequency: 10065664
1977th: 8 { 7102 7062 4940 4438 4404 3404 184 180 }   support: 0.801676  frequency: 10065664
1978th: 9 { 7112 7062 4438 4436 4434 4432 4426 188 170 }   support: 0.801676  frequency: 10065664
1979th: 10 { 4438 4430 4428 4426 265 260 188 184 180 170 }   support: 0.801676  frequency: 10065664
1980th: 10 { 7092 4438 4432 4430 4428 265 260 184 180 170 }   support: 0.801676  frequency: 10065664
1981th: 9 { 7062 4438 4432 4430 4426 4404 3404 188 170 }   support: 0.801676  frequency: 10065664
1982th: 6 { 7092 4438 4430 4428 170 17 }   support: 0.801656  frequency: 10065408
1983th: 8 { 7112 7102 7062 4940 4438 4436 4426 170 }   support: 0.801656  frequency: 10065408
1984th: 10 { 4438 4436 4434 4426 4404 3404 188 184 180 170 }   support: 0.801656  frequency: 10065408
1985th: 6 { 7092 4438 4436 4428 170 17 }   support: 0.801656  frequency: 10065408
1986th: 9 { 4940 4438 4434 4432 4404 3404 265 260 188 }   support: 0.801656  frequency: 10065408
1987th: 7 { 7102 4438 4436 4434 4432 265 260 }   support: 0.801656  frequency: 10065408
1988th: 8 { 7102 7092 7062 4438 4432 4430 4426 170 }   support: 0.801656  frequency: 10065408
1989th: 6 { 7092 7082 7062 4940 4438 170 }   support: 0.801656  frequency: 10065408
1990th: 10 { 7092 4940 4438 4434 4432 4430 4428 188 184 180 }   support: 0.801656  frequency: 10065408
1991th: 9 { 4940 4438 4436 4434 4426 4404 3404 184 180 }   support: 0.801635  frequency: 10065152
1992th: 5 { 4430 4426 188 170 17 }   support: 0.801635  frequency: 10065152
1993th: 8 { 7062 4940 4430 4404 3404 265 260 170 }   support: 0.801635  frequency: 10065152
1994th: 9 { 7062 4940 4438 4434 4432 4430 4404 3404 170 }   support: 0.801635  frequency: 10065152
1995th: 9 { 7062 4438 4428 4426 4404 3404 184 180 17 }   support: 0.801635  frequency: 10065152
1996th: 7 { 7102 4940 4438 4436 4432 4430 4426 }   support: 0.801635  frequency: 10065152
1997th: 10 { 7102 7092 7062 4438 4436 4434 4432 4428 4426 170 }   support: 0.801635  frequency: 10065152
1998th: 8 { 7062 4438 4436 4426 184 180 170 17 }   support: 0.801635  frequency: 10065152
1999th: 7 { 7112 4940 4438 4430 4404 3404 170 }   support: 0.801615  frequency: 10064896
2000th: 10 { 4940 4438 4436 4434 4432 265 260 184 180 170 }   support: 0.801615  frequency: 10064896
2001th: 11 { 7062 4438 4432 4430 4428 4404 3404 188 184 180 170 }   support: 0.801615  frequency: 10064896
2002th: 8 { 7112 7062 4438 4436 4428 4426 265 260 }   support: 0.801615  frequency: 10064896
2003th: 7 { 7062 4426 4404 3404 3403 184 180 }   support: 0.801615  frequency: 10064896
2004th: 10 { 7102 7092 7062 4438 4432 4430 4428 184 180 170 }   support: 0.801615  frequency: 10064896
2005th: 9 { 7102 7092 7062 4940 4438 4434 4432 4428 4426 }   support: 0.801615  frequency: 10064896
2006th: 8 { 7112 7102 4940 4438 4436 4428 4426 170 }   support: 0.801615  frequency: 10064896
2007th: 9 { 7092 7062 4940 4426 265 260 188 184 180 }   support: 0.801615  frequency: 10064896
2008th: 6 { 4438 4430 4428 4426 188 17 }   support: 0.801615  frequency: 10064896
2009th: 8 { 7112 7062 4940 4438 4434 4426 265 260 }   support: 0.801615  frequency: 10064896
2010th: 8 { 7102 4940 4438 4432 4426 188 184 180 }   support: 0.801615  frequency: 10064896
2011th: 9 { 7112 7092 7062 4438 4432 4430 188 184 180 }   support: 0.801615  frequency: 10064896
2012th: 9 { 7092 7062 4432 4430 4428 4404 3404 184 180 }   support: 0.801615  frequency: 10064896
2013th: 7 { 7082 4438 4436 4434 4426 184 180 }   support: 0.801615  frequency: 10064896
2014th: 6 { 7102 4438 4432 265 260 188 }   support: 0.801594  frequency: 10064640
2015th: 9 { 7112 4438 4434 4432 4404 3404 188 184 180 }   support: 0.801594  frequency: 10064640
2016th: 9 { 7102 7092 4940 4438 4434 4432 4426 184 180 }   support: 0.801594  frequency: 10064640
2017th: 7 { 4940 265 260 188 184 180 17 }   support: 0.801594  frequency: 10064640
2018th: 6 { 7112 7082 7062 4438 4436 170 }   support: 0.801594  frequency: 10064640
2019th: 6 { 4438 4434 4426 265 260 17 }   support: 0.801594  frequency: 10064640
2020th: 8 { 7112 4940 4438 4434 4428 4426 4404 3404 }   support: 0.801594  frequency: 10064640
2021th: 9 { 7102 7092 7062 4940 4438 4430 184 180 170 }   support: 0.801594  frequency: 10064640
2022th: 10 { 7102 7092 4940 4438 4436 4428 4426 184 180 170 }   support: 0.801594  frequency: 10064640
2023th: 9 { 7062 4940 4438 4434 4432 4430 265 260 170 }   support: 0.801574  frequency: 10064384
2024th: 10 { 4940 4438 4436 4434 4432 4404 3404 184 180 170 }   support: 0.801574  frequency: 10064384
2025th: 8 { 7112 7102 7062 4438 4432 4430 4428 170 }   support: 0.801574  frequency: 10064384
2026th: 10 { 7092 7062 4940 4428 4404 3404 265 260 184 180 }   support: 0.801574  frequency: 10064384
2027th: 10 { 7102 7062 4438 4436 4434 4430 4426 184 180 170 }   support: 0.801574  frequency: 10064384
2028th: 9 { 7112 7092 7062 4940 4438 4434 4432 4428 188 }   support: 0.801574  frequency: 10064384
2029th: 5 { 4434 4432 4404 3404 3403 }   support: 0.801574  frequency: 10064384
2030th: 8 { 7112 7062 4438 4436 4434 4428 265 260 }   support: 0.801574  frequency: 10064384
2031th: 6 { 7112 7102 4940 4438 4432 4430 }   support: 0.801574  frequency: 10064384
2032th: 9 { 7062 4940 4432 4426 4404 3404 265 260 170 }   support: 0.801554  frequency: 10064128
2033th: 9 { 7062 4940 4438 4436 4434 4426 4404 3404 170 }   support: 0.801554  frequency: 10064128
2034th: 9 { 7062 4940 4438 4434 188 184 180 170 17 }   support: 0.801554  frequency: 10064128
2035th: 9 { 4940 4438 4404 3404 188 184 180 170 17 }   support: 0.801554  frequency: 10064128
2036th: 7 { 7092 4940 4432 4430 265 260 170 }   support: 0.801554  frequency: 10064128
2037th: 10 { 7092 4940 4438 4432 4430 4426 188 184 180 170 }   support: 0.801554  frequency: 10064128
2038th: 10 { 7092 7062 4438 4436 4428 4426 4404 3404 184 180 }   support: 0.801554  frequency: 10064128
2039th: 8 { 7112 4940 4438 4434 4430 4428 4426 188 }   support: 0.801554  frequency: 10064128
2040th: 8 { 7102 4940 4438 4436 4430 4426 184 180 }   support: 0.801554  frequency: 10064128
2041th: 9 { 7112 7092 4438 4430 4428 4426 188 184 180 }   support: 0.801554  frequency: 10064128
2042th: 9 { 7062 4438 4404 3404 265 260 184 180 17 }   support: 0.801554  frequency: 10064128
2043th: 8 { 7102 4438 4436 4430 188 184 180 170 }   support: 0.801533  frequency: 10063872
2044th: 10 { 7092 7062 4940 4438 4432 4428 4426 4404 3404 170 }   support: 0.801533  frequency: 10063872
2045th: 9 { 7102 7092 4940 4438 4436 4434 4432 4428 170 }   support: 0.801533  frequency: 10063872
2046th: 10 { 7092 4438 4432 4430 4428 4404 3404 184 180 170 }   support: 0.801533  frequency: 10063872
2047th: 6 { 7112 4428 188 184 180 17 }   support: 0.801533  frequency: 10063872
2048th: 8 { 7092 4438 4436 4432 4426 265 260 170 }   support: 0.801533  frequency: 10063872
2049th: 8 { 7062 4434 4432 4426 184 180 170 17 }   support: 0.801533  frequency: 10063872
2050th: 9 { 7112 7062 4940 4438 4436 4434 4432 188 170 }   support: 0.801533  frequency: 10063872
2051th: 9 { 7112 7062 4940 4438 4436 4434 4430 4428 4426 }   support: 0.801533  frequency: 10063872
2052th: 9 { 7112 7092 4940 4438 4436 4430 184 180 170 }   support: 0.801533  frequency: 10063872
2053th: 9 { 4438 4434 4430 4428 4426 4404 3404 188 170 }   support: 0.801533  frequency: 10063872
2054th: 9 { 7102 7092 7062 4940 4438 4436 4434 4426 170 }   support: 0.801533  frequency: 10063872
2055th: 8 { 7102 4438 4434 4432 4404 3404 184 180 }   support: 0.801513  frequency: 10063616
2056th: 7 { 7112 7102 4438 4428 4426 188 170 }   support: 0.801513  frequency: 10063616
2057th: 7 { 7082 7062 4940 4438 4434 184 180 }   support: 0.801513  frequency: 10063616
2058th: 6 { 4940 4438 4428 4404 3404 3403 }   support: 0.801513  frequency: 10063616
2059th: 7 { 7112 7092 4426 4404 3404 188 170 }   support: 0.801513  frequency: 10063616
2060th: 9 { 4434 4432 4430 4404 3404 188 184 180 170 }   support: 0.801513  frequency: 10063616
2061th: 8 { 7112 7092 7062 4430 4428 4426 188 170 }   support: 0.801513  frequency: 10063616
2062th: 10 { 7092 4940 4438 4436 4434 4430 4426 184 180 170 }   support: 0.801513  frequency: 10063616
2063th: 9 { 7092 7062 4438 4436 4430 4426 188 184 180 }   support: 0.801513  frequency: 10063616
2064th: 6 { 4438 4436 4432 188 170 17 }   support: 0.801513  frequency: 10063616
2065th: 10 { 7092 4438 4436 4428 4404 3404 188 184 180 170 }   support: 0.801513  frequency: 10063616
2066th: 9 { 7092 7062 4430 4426 4404 3404 184 180 170 }   support: 0.801513  frequency: 10063616
2067th: 8 { 7112 7102 7092 7062 4940 4438 4434 170 }   support: 0.801513  frequency: 10063616
2068th: 10 { 4940 4438 4436 4434 4430 4428 188 184 180 170 }   support: 0.801513  frequency: 10063616
2069th: 7 { 7082 7062 4438 4436 4434 4428 4426 }   support: 0.801492  frequency: 10063360
2070th: 11 { 7092 7062 4940 4438 4432 4404 3404 188 184 180 170 }   support: 0.801492  frequency: 10063360
2071th: 5 { 4940 4438 4432 4430 17 }   support: 0.801492  frequency: 10063360
2072th: 7 { 7112 7062 4438 4426 184 180 17 }   support: 0.801492  frequency: 10063360
2073th: 9 { 7092 7062 4430 4426 265 260 184 180 170 }   support: 0.801492  frequency: 10063360
2074th: 8 { 7062 4438 4434 4432 4428 188 170 17 }   support: 0.801492  frequency: 10063360
2075th: 8 { 7092 4940 4438 4434 4432 265 260 188 }   support: 0.801492  frequency: 10063360
2076th: 10 { 4940 4438 4432 4428 4426 265 260 188 184 180 }   support: 0.801492  frequency: 10063360
2077th: 7 { 4940 4434 4428 188 184 180 17 }   support: 0.801492  frequency: 10063360
2078th: 7 { 7092 4940 4432 4430 4404 3404 170 }   support: 0.801492  frequency: 10063360
2079th: 14 { 7062 4940 4440 4438 4436 4434 4432 4430 4428 4426 4414 184 180 170 }   support: 0.801492  frequency: 10063360
2080th: 10 { 7112 7062 4438 4434 4430 4426 188 184 180 170 }   support: 0.801472  frequency: 10063104
2081th: 9 { 7112 7102 4438 4436 4432 4426 184 180 170 }   support: 0.801472  frequency: 10063104
2082th: 7 { 4438 4436 4434 188 184 180 17 }   support: 0.801472  frequency: 10063104
2083th: 11 { 7112 7092 4438 4436 4434 4432 4428 4426 184 180 170 }   support: 0.801472  frequency: 10063104
2084th: 6 { 7092 4430 184 180 170 17 }   support: 0.801472  frequency: 10063104
2085th: 5 { 7092 4940 4432 188 17 }   support: 0.801472  frequency: 10063104
2086th: 7 { 7062 4438 4428 4426 4404 3404 3403 }   support: 0.801472  frequency: 10063104
2087th: 6 { 4940 4434 4432 188 170 17 }   support: 0.801472  frequency: 10063104
2088th: 8 { 7062 4940 265 260 184 180 170 17 }   support: 0.801452  frequency: 10062848
2089th: 8 { 7102 7092 4438 4436 4430 4428 4426 170 }   support: 0.801452  frequency: 10062848
2090th: 8 { 7092 4438 4432 4430 4404 3404 188 170 }   support: 0.801452  frequency: 10062848
2091th: 8 { 4404 3404 265 260 188 184 180 17 }   support: 0.801452  frequency: 10062848
2092th: 8 { 4438 4432 4428 4404 3404 184 180 17 }   support: 0.801452  frequency: 10062848
2093th: 5 { 7082 4438 4434 188 170 }   support: 0.801452  frequency: 10062848
2094th: 8 { 7102 7092 7062 4940 4438 4434 188 170 }   support: 0.801452  frequency: 10062848
2095th: 9 { 7112 7092 4438 4434 4430 188 184 180 170 }   support: 0.801452  frequency: 10062848
2096th: 9 { 7092 4940 4428 4426 265 260 188 184 180 }   support: 0.801452  frequency: 10062848
2097th: 7 { 7102 7062 4940 4438 4434 4404 3404 }   support: 0.801431  frequency: 10062592
2098th: 11 { 7062 4438 4434 4430 4428 4426 265 260 184 180 170 }   support: 0.801431  frequency: 10062592
2099th: 5 { 7092 4438 4436 4426 17 }   support: 0.801431  frequency: 10062592
2100th: 10 { 7112 4940 4438 4436 4428 4426 188 184 180 170 }   support: 0.801431  frequency: 10062592
2101th: 7 { 7102 7092 4940 4438 4434 4432 4430 }   support: 0.801431  frequency: 10062592
2102th: 7 { 7112 7062 4430 4428 4426 265 260 }   support: 0.801431  frequency: 10062592
2103th: 9 { 7112 7062 4438 4428 4426 4404 3404 265 260 }   support: 0.801431  frequency: 10062592
2104th: 11 { 7092 7062 4940 4438 4436 4434 4432 4430 184 180 170 }   support: 0.801431  frequency: 10062592
2105th: 8 { 4434 4430 4426 4404 3404 188 184 180 }   support: 0.801431  frequency: 10062592
2106th: 7 { 7062 4438 4436 4434 4428 170 17 }   support: 0.801431  frequency: 10062592
2107th: 10 { 4438 4436 4434 4432 4426 4404 3404 184 180 170 }   support: 0.801431  frequency: 10062592
2108th: 10 { 7092 4940 4438 4432 265 260 188 184 180 170 }   support: 0.801431  frequency: 10062592
2109th: 6 { 7112 7082 4438 4436 184 180 }   support: 0.801431  frequency: 10062592
2110th: 9 { 7112 4940 4438 4436 4434 4432 4430 4428 170 }   support: 0.801431  frequency: 10062592
2111th: 7 { 7102 7082 4438 4436 4434 4428 170 }   support: 0.801411  frequency: 10062336
2112th: 11 { 7092 7062 4428 4404 3404 265 260 188 184 180 170 }   support: 0.801411  frequency: 10062336
2113th: 5 { 7112 4438 4432 188 17 }   support: 0.801411  frequency: 10062336
2114th: 12 { 7112 4440 4438 4436 4434 4432 4430 4428 4426 4414 184 180 }   support: 0.801411  frequency: 10062336
2115th: 9 { 7112 7062 4438 4436 4434 4404 3404 184 180 }   support: 0.801411  frequency: 10062336
2116th: 10 { 7092 7062 4940 4438 4432 4428 4426 265 260 170 }   support: 0.801411  frequency: 10062336
2117th: 9 { 7092 4438 4434 4432 4426 4404 3404 188 170 }   support: 0.801411  frequency: 10062336
2118th: 8 { 7112 7062 4940 4438 4434 4426 4404 3404 }   support: 0.801411  frequency: 10062336
2119th: 10 { 4438 4436 4434 4432 4426 265 260 184 180 170 }   support: 0.801411  frequency: 10062336
2120th: 8 { 4940 4438 4436 4432 4430 4426 188 170 }   support: 0.801411  frequency: 10062336
2121th: 8 { 7092 7062 4438 4434 4432 184 180 17 }   support: 0.801411  frequency: 10062336
2122th: 8 { 7102 7092 7062 4438 4434 4428 4426 188 }   support: 0.801411  frequency: 10062336
2123th: 4 { 7082 4438 4426 188 }   support: 0.801411  frequency: 10062336
2124th: 9 { 7102 4438 4434 4428 265 260 184 180 170 }   support: 0.801391  frequency: 10062080
2125th: 7 { 7062 4434 4428 4404 3404 170 17 }   support: 0.801391  frequency: 10062080
2126th: 7 { 7092 7062 4940 4432 4430 265 260 }   support: 0.801391  frequency: 10062080
2127th: 10 { 7112 4940 4434 4432 4428 4426 188 184 180 170 }   support: 0.801391  frequency: 10062080
2128th: 7 { 7112 4430 4428 4426 4404 3404 170 }   support: 0.801391  frequency: 10062080
2129th: 7 { 7112 4438 4432 184 180 170 17 }   support: 0.801391  frequency: 10062080
2130th: 7 { 4940 4432 4428 188 184 180 17 }   support: 0.801391  frequency: 10062080
2131th: 10 { 7112 7062 4940 4438 4436 4430 4428 4426 184 180 }   support: 0.801391  frequency: 10062080
2132th: 9 { 7092 7062 4438 4434 4428 184 180 170 17 }   support: 0.801391  frequency: 10062080
2133th: 9 { 4940 4438 4436 4434 4426 265 260 184 180 }   support: 0.80137  frequency: 10061824
2134th: 9 { 7062 4438 4434 4430 4428 4426 4404 3404 188 }   support: 0.80137  frequency: 10061824
2135th: 9 { 7112 7062 4438 4436 4430 4428 188 184 180 }   support: 0.80137  frequency: 10061824
2136th: 8 { 7062 4438 4434 4404 3404 3403 184 180 }   support: 0.80137  frequency: 10061824
2137th: 8 { 7092 7062 4438 4432 4430 4404 3404 188 }   support: 0.80137  frequency: 10061824
2138th: 8 { 7102 4940 4438 4436 4434 4432 188 170 }   support: 0.80137  frequency: 10061824
2139th: 8 { 7092 4404 3404 188 184 180 170 17 }   support: 0.80137  frequency: 10061824
2140th: 8 { 7112 7092 4940 4438 4404 3404 188 170 }   support: 0.80137  frequency: 10061824
2141th: 8 { 7112 4428 4404 3404 265 260 188 170 }   support: 0.80137  frequency: 10061824
2142th: 9 { 7112 7062 4438 4430 4428 265 260 184 180 }   support: 0.80137  frequency: 10061824
2143th: 8 { 7112 4438 4436 4434 4428 265 260 170 }   support: 0.80137  frequency: 10061824
2144th: 8 { 7092 7062 4438 4436 4432 4426 4404 3404 }   support: 0.80137  frequency: 10061824
2145th: 8 { 7062 4940 4436 4434 4432 4430 4428 188 }   support: 0.80135  frequency: 10061568
2146th: 10 { 7092 4426 4404 3404 265 260 188 184 180 170 }   support: 0.80135  frequency: 10061568
2147th: 7 { 7062 4438 4434 4432 4404 3404 17 }   support: 0.80135  frequency: 10061568
2148th: 7 { 7102 7092 4438 4434 265 260 170 }   support: 0.80135  frequency: 10061568
2149th: 9 { 7062 4940 4432 4428 4426 4404 3404 265 260 }   support: 0.80135  frequency: 10061568
2150th: 7 { 7082 7062 4940 4438 4436 4434 170 }   support: 0.80135  frequency: 10061568
2151th: 7 { 7092 4438 4436 4430 265 260 170 }   support: 0.80135  frequency: 10061568
2152th: 8 { 7112 4438 4436 4434 4430 188 184 180 }   support: 0.80135  frequency: 10061568
2153th: 7 { 7062 4940 4428 4404 3404 170 17 }   support: 0.80135  frequency: 10061568
2154th: 9 { 7102 4940 4438 4436 4432 4430 184 180 170 }   support: 0.801329  frequency: 10061312
2155th: 8 { 7112 7102 7092 4438 4434 4428 4426 170 }   support: 0.801329  frequency: 10061312
2156th: 7 { 7112 7102 7062 4438 4434 4432 188 }   support: 0.801329  frequency: 10061312
2157th: 7 { 7102 7092 7062 4940 4438 4430 4426 }   support: 0.801329  frequency: 10061312
2158th: 9 { 7062 4434 4430 265 260 188 184 180 170 }   support: 0.801329  frequency: 10061312
2159th: 8 { 7112 4438 4436 4428 4426 4404 3404 170 }   support: 0.801329  frequency: 10061312
2160th: 10 { 7062 4434 4426 4404 3404 265 260 188 184 180 }   support: 0.801329  frequency: 10061312
2161th: 5 { 7062 4432 4430 188 17 }   support: 0.801329  frequency: 10061312
2162th: 5 { 7112 7082 4438 4436 4434 }   support: 0.801329  frequency: 10061312
2163th: 8 { 7112 7092 7062 4428 4404 3404 188 170 }   support: 0.801329  frequency: 10061312
2164th: 8 { 4438 4430 4428 4426 184 180 170 17 }   support: 0.801329  frequency: 10061312
2165th: 6 { 4438 4436 4434 4426 170 17 }   support: 0.801329  frequency: 10061312
2166th: 7 { 7102 4438 4436 4426 265 260 170 }   support: 0.801329  frequency: 10061312
2167th: 9 { 7112 4432 4428 4404 3404 188 184 180 170 }   support: 0.801329  frequency: 10061312
2168th: 10 { 4940 4438 4434 4426 4404 3404 265 260 184 180 }   support: 0.801329  frequency: 10061312
2169th: 9 { 7092 4940 4438 4436 4434 265 260 184 180 }   support: 0.801309  frequency: 10061056
2170th: 9 { 4940 4438 4434 4432 4430 4404 3404 184 180 }   support: 0.801309  frequency: 10061056
2171th: 9 { 7112 7092 7062 4940 4432 4430 4426 184 180 }   support: 0.801309  frequency: 10061056
2172th: 7 { 7092 7062 4438 4436 4430 4404 3404 }   support: 0.801309  frequency: 10061056
2173th: 10 { 4438 4432 4430 4404 3404 265 260 184 180 170 }   support: 0.801309  frequency: 10061056
2174th: 9 { 7112 7062 4404 3404 265 260 188 184 180 }   support: 0.801309  frequency: 10061056
2175th: 7 { 7112 7092 4438 4434 4430 4426 188 }   support: 0.801309  frequency: 10061056
2176th: 9 { 7112 7062 4940 4438 4436 4432 4428 188 170 }   support: 0.801309  frequency: 10061056
2177th: 10 { 7092 7062 4940 4428 4426 4404 3404 188 184 180 }   support: 0.801309  frequency: 10061056
2178th: 6 { 4940 4428 4426 4404 3404 17 }   support: 0.801309  frequency: 10061056
2179th: 9 { 7062 4940 4438 4436 4434 4426 265 260 170 }   support: 0.801309  frequency: 10061056
2180th: 5 { 7082 4438 4436 4434 188 }   support: 0.801309  frequency: 10061056
2181th: 8 { 7092 7062 4438 4432 4430 4426 265 260 }   support: 0.801289  frequency: 10060800
2182th: 9 { 7112 4940 4432 4430 4428 188 184 180 170 }   support: 0.801289  frequency: 10060800
2183th: 8 { 7102 7092 7062 4438 4434 4426 188 170 }   support: 0.801289  frequency: 10060800
2184th: 6 { 4436 4430 265 260 188 170 }   support: 0.801289  frequency: 10060800
2185th: 9 { 7092 4940 4438 4436 4434 4404 3404 184 180 }   support: 0.801289  frequency: 10060800
2186th: 8 { 7112 7102 7092 4438 4434 4432 4428 170 }   support: 0.801289  frequency: 10060800
2187th: 9 { 7112 7092 7062 4438 4436 4428 4426 188 170 }   support: 0.801289  frequency: 10060800
2188th: 9 { 7112 7102 7092 7062 4438 4434 4432 184 180 }   support: 0.801289  frequency: 10060800
2189th: 7 { 7092 7062 4940 4432 4430 4404 3404 }   support: 0.801289  frequency: 10060800
2190th: 10 { 7112 7092 7062 4940 4438 4436 4434 4432 4428 170 }   support: 0.801289  frequency: 10060800
2191th: 6 { 4438 4436 4428 4426 188 17 }   support: 0.801289  frequency: 10060800
2192th: 10 { 7112 7062 4438 4432 4428 4426 265 260 184 180 }   support: 0.801268  frequency: 10060544
2193th: 7 { 7062 4940 4404 3404 3403 184 180 }   support: 0.801268  frequency: 10060544
2194th: 7 { 4436 4428 188 184 180 170 17 }   support: 0.801268  frequency: 10060544
2195th: 10 { 7092 7062 4940 4438 4434 4432 4428 4404 3404 170 }   support: 0.801268  frequency: 10060544
2196th: 11 { 7062 4438 4436 4432 4430 4428 4426 188 184 180 170 }   support: 0.801268  frequency: 10060544
2197th: 8 { 4940 4432 4430 4404 3404 188 184 180 }   support: 0.801268  frequency: 10060544
2198th: 8 { 7112 4940 4434 4432 265 260 184 180 }   support: 0.801268  frequency: 10060544
2199th: 10 { 7062 4940 4438 4436 4428 4404 3404 188 184 180 }   support: 0.801268  frequency: 10060544
2200th: 7 { 7102 4940 4438 4430 188 184 180 }   support: 0.801268  frequency: 10060544
2201th: 6 { 7092 7082 7062 4940 4438 4436 }   support: 0.801268  frequency: 10060544
2202th: 10 { 7092 4940 4438 4434 4428 4404 3404 188 184 180 }   support: 0.801268  frequency: 10060544
2203th: 9 { 4438 4436 4432 4428 4426 4404 3404 188 170 }   support: 0.801248  frequency: 10060288
2204th: 8 { 7062 4940 4436 4434 4432 4428 4404 3404 }   support: 0.801248  frequency: 10060288
2205th: 5 { 7092 4940 4438 4436 17 }   support: 0.801248  frequency: 10060288
2206th: 8 { 7092 4438 4436 4432 4428 4426 265 260 }   support: 0.801248  frequency: 10060288
2207th: 9 { 7112 7092 7062 4940 4438 4432 4426 188 170 }   support: 0.801248  frequency: 10060288
2208th: 9 { 7102 7062 4438 4404 3404 188 184 180 170 }   support: 0.801248  frequency: 10060288
2209th: 7 { 7112 7102 4438 4436 4428 188 170 }   support: 0.801248  frequency: 10060288
2210th: 8 { 7092 4438 4436 4432 4426 4404 3404 170 }   support: 0.801248  frequency: 10060288
2211th: 7 { 7102 4438 4432 4404 3404 188 170 }   support: 0.801248  frequency: 10060288
2212th: 8 { 7112 7102 7062 4438 4436 188 184 180 }   support: 0.801248  frequency: 10060288
2213th: 9 { 7092 4940 4426 4404 3404 265 260 184 180 }   support: 0.801248  frequency: 10060288
2214th: 7 { 7092 4438 4432 4428 188 170 17 }   support: 0.801248  frequency: 10060288
2215th: 9 { 7092 7062 4940 4436 4434 4432 4428 188 170 }   support: 0.801248  frequency: 10060288
2216th: 7 { 7062 4438 4434 4428 265 260 17 }   support: 0.801248  frequency: 10060288
2217th: 9 { 7062 4438 4436 4432 4428 4426 4404 3404 188 }   support: 0.801248  frequency: 10060288
2218th: 8 { 7092 4438 4432 4430 4426 265 260 170 }   support: 0.801248  frequency: 10060288
2219th: 9 { 7062 4436 4434 4432 4426 4404 3404 184 180 }   support: 0.801248  frequency: 10060288
2220th: 7 { 7062 4432 4430 184 180 170 17 }   support: 0.801248  frequency: 10060288
2221th: 7 { 4438 4434 4430 4428 184 180 17 }   support: 0.801227  frequency: 10060032
2222th: 7 { 4436 4430 4426 4404 3404 184 180 }   support: 0.801227  frequency: 10060032
2223th: 11 { 4940 4438 4434 4432 4404 3404 265 260 184 180 170 }   support: 0.801227  frequency: 10060032
2224th: 7 { 7112 7102 7062 4438 4426 188 170 }   support: 0.801227  frequency: 10060032
2225th: 7 { 4434 4430 4404 3404 265 260 188 }   support: 0.801227  frequency: 10060032
2226th: 8 { 7092 4940 4436 4404 3404 188 184 180 }   support: 0.801227  frequency: 10060032
2227th: 9 { 7062 4940 4436 4434 4432 4404 3404 184 180 }   support: 0.801227  frequency: 10060032
2228th: 8 { 7062 4940 4436 4428 265 260 188 170 }   support: 0.801227  frequency: 10060032
2229th: 7 { 7102 7062 4438 4436 4426 265 260 }   support: 0.801227  frequency: 10060032
2230th: 8 { 7102 7062 4438 4432 4428 4404 3404 170 }   support: 0.801227  frequency: 10060032
2231th: 5 { 7112 7092 4438 188 17 }   support: 0.801227  frequency: 10060032
2232th: 7 { 7112 7062 4940 4438 4436 4430 188 }   support: 0.801227  frequency: 10060032
2233th: 9 { 7112 7092 7062 4438 4436 4434 4428 188 170 }   support: 0.801227  frequency: 10060032
2234th: 9 { 7092 7062 4436 4432 4430 188 184 180 170 }   support: 0.801227  frequency: 10060032
2235th: 6 { 7062 4434 4430 4428 170 17 }   support: 0.801227  frequency: 10060032
2236th: 8 { 7092 7062 4434 188 184 180 170 17 }   support: 0.801227  frequency: 10060032
2237th: 8 { 7112 7062 4438 4436 4434 4428 4404 3404 }   support: 0.801227  frequency: 10060032
2238th: 8 { 7112 7102 7092 7062 4940 4438 4428 170 }   support: 0.801207  frequency: 10059776
2239th: 9 { 7112 7092 4940 4438 4434 4432 4428 188 170 }   support: 0.801207  frequency: 10059776
2240th: 10 { 7112 7092 7062 4940 4438 4434 4432 4430 4428 170 }   support: 0.801207  frequency: 10059776
2241th: 7 { 7112 7102 4940 4438 4430 184 180 }   support: 0.801207  frequency: 10059776
2242th: 11 { 7112 7092 7062 4438 4436 4434 4432 4428 4426 184 180 }   support: 0.801207  frequency: 10059776
2243th: 9 { 7062 4436 4434 4432 4428 4426 4404 3404 170 }   support: 0.801207  frequency: 10059776
2244th: 7 { 7092 4940 4428 188 184 180 17 }   support: 0.801207  frequency: 10059776
2245th: 10 { 4940 4438 4436 4432 4430 4428 188 184 180 170 }   support: 0.801207  frequency: 10059776
2246th: 9 { 4940 4438 4434 4432 4430 265 260 184 180 }   support: 0.801207  frequency: 10059776
2247th: 7 { 7112 7092 4428 4404 3404 265 260 }   support: 0.801207  frequency: 10059776
2248th: 8 { 7112 4940 4438 4432 4428 4426 265 260 }   support: 0.801207  frequency: 10059776
2249th: 6 { 4436 4432 4428 184 180 17 }   support: 0.801207  frequency: 10059776
2250th: 7 { 7112 7102 7062 4940 4438 4430 170 }   support: 0.801207  frequency: 10059776
2251th: 7 { 7092 4434 4430 4404 3404 188 170 }   support: 0.801207  frequency: 10059776
2252th: 7 { 7092 7062 4436 184 180 170 17 }   support: 0.801207  frequency: 10059776
2253th: 9 { 7112 4438 4436 4434 4432 4428 4426 188 170 }   support: 0.801187  frequency: 10059520
2254th: 8 { 7062 4434 4430 4426 4404 3404 188 170 }   support: 0.801187  frequency: 10059520
2255th: 8 { 7112 7062 4438 4436 4434 4430 188 170 }   support: 0.801187  frequency: 10059520
2256th: 8 { 7112 4940 4438 4432 4426 265 260 170 }   support: 0.801187  frequency: 10059520
2257th: 9 { 7062 4940 4438 4436 4432 4404 3404 188 170 }   support: 0.801187  frequency: 10059520
2258th: 9 { 7062 4940 4434 4428 4426 4404 3404 265 260 }   support: 0.801187  frequency: 10059520
2259th: 9 { 7062 4940 4436 4434 4432 265 260 184 180 }   support: 0.801187  frequency: 10059520
2260th: 8 { 7092 4438 4434 4430 4428 4426 4404 3404 }   support: 0.801187  frequency: 10059520
2261th: 6 { 7102 4940 4438 4434 4430 188 }   support: 0.801187  frequency: 10059520
2262th: 8 { 7102 7062 4940 4438 4436 4426 188 170 }   support: 0.801187  frequency: 10059520
2263th: 7 { 7112 7092 7062 4940 4436 4432 4430 }   support: 0.801187  frequency: 10059520
2264th: 8 { 7092 4438 4434 4430 4428 4426 265 260 }   support: 0.801187  frequency: 10059520
2265th: 7 { 4428 4426 4404 3404 3403 184 180 }   support: 0.801187  frequency: 10059520
2266th: 9 { 7092 7062 4940 4438 4430 4428 4404 3404 170 }   support: 0.801187  frequency: 10059520
2267th: 7 { 7102 7082 7062 4438 4432 184 180 }   support: 0.801187  frequency: 10059520
2268th: 6 { 7112 4940 4436 4430 4428 188 }   support: 0.801166  frequency: 10059264
2269th: 9 { 7092 7062 4940 4438 4430 4428 265 260 170 }   support: 0.801166  frequency: 10059264
2270th: 9 { 7092 4434 4430 4428 4404 3404 184 180 170 }   support: 0.801166  frequency: 10059264
2271th: 10 { 7092 7062 4434 4432 4430 4426 188 184 180 170 }   support: 0.801166  frequency: 10059264
2272th: 7 { 4430 4426 4404 3404 265 260 188 }   support: 0.801166  frequency: 10059264
2273th: 5 { 7112 7082 7062 4438 4434 }   support: 0.801166  frequency: 10059264
2274th: 8 { 7112 4434 4432 4430 4426 188 184 180 }   support: 0.801166  frequency: 10059264
2275th: 10 { 7092 7062 4940 4438 4436 4434 4430 4426 184 180 }   support: 0.801166  frequency: 10059264
2276th: 7 { 7112 7062 4432 4430 4428 265 260 }   support: 0.801166  frequency: 10059264
2277th: 7 { 7112 4432 4430 4404 3404 184 180 }   support: 0.801166  frequency: 10059264
2278th: 11 { 7062 4940 4438 4434 4432 4428 4404 3404 188 184 180 }   support: 0.801166  frequency: 10059264
2279th: 5 { 4940 4432 265 260 17 }   support: 0.801166  frequency: 10059264
2280th: 6 { 4436 4430 4404 3404 265 260 }   support: 0.801166  frequency: 10059264
2281th: 8 { 7112 7092 4432 4428 265 260 184 180 }   support: 0.801166  frequency: 10059264
2282th: 8 { 7112 7102 7092 7062 4438 4434 4426 170 }   support: 0.801146  frequency: 10059008
2283th: 7 { 7062 4432 4428 4404 3404 170 17 }   support: 0.801146  frequency: 10059008
2284th: 6 { 7092 4436 4430 4428 4404 3404 }   support: 0.801146  frequency: 10059008
2285th: 9 { 7112 7092 7062 4438 265 260 188 184 180 }   support: 0.801146  frequency: 10059008
2286th: 8 { 7112 7092 4438 4436 4434 4430 4426 170 }   support: 0.801146  frequency: 10059008
2287th: 7 { 7092 7062 4438 4434 4428 188 17 }   support: 0.801146  frequency: 10059008
2288th: 7 { 7112 7062 4940 4438 4430 4404 3404 }   support: 0.801146  frequency: 10059008
2289th: 6 { 7062 4438 4436 4432 188 17 }   support: 0.801146  frequency: 10059008
2290th: 6 { 7112 7092 4940 4434 4430 188 }   support: 0.801146  frequency: 10059008
2291th: 10 { 7062 4940 4438 4436 4404 3404 265 260 184 180 }   support: 0.801146  frequency: 10059008
2292th: 11 { 7092 4438 4434 4432 4430 4428 4426 188 184 180 170 }   support: 0.801146  frequency: 10059008
2293th: 8 { 7112 7102 4438 4432 4430 4428 184 180 }   support: 0.801146  frequency: 10059008
2294th: 7 { 7112 7102 7092 4940 4438 4436 4428 }   support: 0.801146  frequency: 10059008
2295th: 11 { 7092 4438 4436 4434 4432 4428 4426 188 184 180 170 }   support: 0.801146  frequency: 10059008
2296th: 10 { 7092 7062 4940 4438 4434 4432 4428 265 260 170 }   support: 0.801146  frequency: 10059008
2297th: 9 { 7062 4940 4436 4434 4404 3404 188 184 180 }   support: 0.801125  frequency: 10058752
2298th: 7 { 7112 7092 4940 4438 4432 4430 188 }   support: 0.801125  frequency: 10058752
2299th: 8 { 7112 7062 4940 4438 4432 4430 4426 188 }   support: 0.801125  frequency: 10058752
2300th: 9 { 7092 7062 4436 4404 3404 265 260 184 180 }   support: 0.801125  frequency: 10058752
2301th: 9 { 7062 4434 4432 4430 4428 4426 4404 3404 170 }   support: 0.801125  frequency: 10058752
2302th: 6 { 7092 7062 4438 4436 4428 17 }   support: 0.801125  frequency: 10058752
2303th: 10 { 4434 4428 4426 4404 3404 265 260 188 184 180 }   support: 0.801125  frequency: 10058752
2304th: 9 { 7112 7062 4940 265 260 188 184 180 170 }   support: 0.801125  frequency: 10058752
2305th: 9 { 7062 4436 4434 4432 4426 265 260 184 180 }   support: 0.801125  frequency: 10058752
2306th: 8 { 7062 4434 4428 4426 188 184 180 17 }   support: 0.801125  frequency: 10058752
2307th: 8 { 4940 4430 4428 4404 3404 265 260 170 }   support: 0.801125  frequency: 10058752
2308th: 7 { 4438 4434 4432 4426 188 170 17 }   support: 0.801105  frequency: 10058496
2309th: 7 { 7102 7092 7062 4438 4434 265 260 }   support: 0.801105  frequency: 10058496
2310th: 8 { 7102 7062 4940 4438 4436 4428 4426 188 }   support: 0.801105  frequency: 10058496
2311th: 7 { 7112 7102 7062 4940 4438 4430 4428 }   support: 0.801105  frequency: 10058496
2312th: 9 { 7112 7102 7092 7062 4438 4428 4426 184 180 }   support: 0.801105  frequency: 10058496
2313th: 10 { 7112 7092 7062 4438 4436 4432 4430 184 180 170 }   support: 0.801105  frequency: 10058496
2314th: 5 { 4434 4432 4430 170 17 }   support: 0.801105  frequency: 10058496
2315th: 7 { 7092 4436 4432 4430 4428 4426 188 }   support: 0.801105  frequency: 10058496
2316th: 7 { 7062 4438 4432 4428 265 260 17 }   support: 0.801105  frequency: 10058496
2317th: 5 { 7102 7082 4940 4438 4428 }   support: 0.801105  frequency: 10058496
2318th: 9 { 4940 4434 4432 4428 4404 3404 265 260 170 }   support: 0.801105  frequency: 10058496
2319th: 9 { 7102 7062 4940 4438 4436 4432 4430 184 180 }   support: 0.801105  frequency: 10058496
2320th: 8 { 7062 4940 4430 4428 265 260 188 170 }   support: 0.801105  frequency: 10058496
2321th: 7 { 7092 7062 4434 4430 4404 3404 188 }   support: 0.801105  frequency: 10058496
2322th: 10 { 7102 7062 4940 4438 4436 4430 4428 184 180 170 }   support: 0.801105  frequency: 10058496
2323th: 6 { 7092 7062 4438 4430 4428 17 }   support: 0.801105  frequency: 10058496
2324th: 8 { 4428 4426 4404 3404 188 184 180 17 }   support: 0.801105  frequency: 10058496
2325th: 9 { 7062 4438 4432 4426 188 184 180 170 17 }   support: 0.801105  frequency: 10058496
2326th: 10 { 7112 7062 4940 4434 4432 4426 188 184 180 170 }   support: 0.801105  frequency: 10058496
2327th: 7 { 7112 7062 4436 4432 4430 4428 188 }   support: 0.801105  frequency: 10058496
2328th: 10 { 7092 7062 4432 4428 4404 3404 265 260 184 180 }   support: 0.801105  frequency: 10058496
2329th: 9 { 7092 7062 4438 4434 4432 4426 4404 3404 188 }   support: 0.801105  frequency: 10058496
2330th: 8 { 7112 4438 4436 4434 4428 4404 3404 170 }   support: 0.801085  frequency: 10058240
2331th: 10 { 7062 4434 4430 4428 4404 3404 188 184 180 170 }   support: 0.801085  frequency: 10058240
2332th: 9 { 7062 4430 4428 4426 265 260 188 184 180 }   support: 0.801085  frequency: 10058240
2333th: 9 { 7062 4430 4426 265 260 188 184 180 170 }   support: 0.801085  frequency: 10058240
2334th: 10 { 7062 4438 4428 4404 3404 188 184 180 170 17 }   support: 0.801085  frequency: 10058240
2335th: 6 { 7112 4436 4434 4426 4404 3404 }   support: 0.801085  frequency: 10058240
2336th: 7 { 7062 4432 4404 3404 3403 184 180 }   support: 0.801085  frequency: 10058240
2337th: 8 { 4438 4436 4434 4432 4426 4404 3404 188 }   support: 0.801085  frequency: 10058240
2338th: 9 { 7092 4940 4434 4430 4426 188 184 180 170 }   support: 0.801085  frequency: 10058240
2339th: 8 { 7112 7062 4438 4436 4428 4426 4404 3404 }   support: 0.801085  frequency: 10058240
2340th: 8 { 7112 4940 4436 4434 4430 4428 4426 170 }   support: 0.801085  frequency: 10058240
2341th: 11 { 7062 4434 4432 4404 3404 265 260 188 184 180 170 }   support: 0.801085  frequency: 10058240
2342th: 8 { 7102 7092 4438 4434 4428 4426 188 170 }   support: 0.801085  frequency: 10058240
2343th: 7 { 7102 4438 4436 4434 4430 188 170 }   support: 0.801085  frequency: 10058240
2344th: 8 { 7112 7092 4438 4436 265 260 184 180 }   support: 0.801085  frequency: 10058240
2345th: 8 { 7112 7092 4438 4434 4404 3404 188 170 }   support: 0.801085  frequency: 10058240
2346th: 4 { 4430 265 260 17 }   support: 0.801085  frequency: 10058240
2347th: 8 { 4940 4438 4436 4432 4428 4404 3404 188 }   support: 0.801085  frequency: 10058240
2348th: 9 { 7092 4438 4434 4432 4428 4426 4404 3404 188 }   support: 0.801085  frequency: 10058240
2349th: 8 { 7062 4438 4436 4432 184 180 170 17 }   support: 0.801085  frequency: 10058240
2350th: 9 { 7062 4940 4436 4430 4428 4426 188 184 180 }   support: 0.801085  frequency: 10058240
2351th: 5 { 7102 4438 184 180 17 }   support: 0.801064  frequency: 10057984
2352th: 6 { 7112 7062 4428 4426 170 17 }   support: 0.801064  frequency: 10057984
2353th: 6 { 7102 7082 4438 4432 4428 170 }   support: 0.801064  frequency: 10057984
2354th: 5 { 4432 4430 4428 188 17 }   support: 0.801064  frequency: 10057984
2355th: 9 { 7102 4940 4438 4436 4434 4430 4428 184 180 }   support: 0.801064  frequency: 10057984
2356th: 9 { 7102 7092 4940 4438 4436 4434 4428 4426 170 }   support: 0.801064  frequency: 10057984
2357th: 10 { 7062 4434 4432 4428 4426 265 260 188 184 180 }   support: 0.801064  frequency: 10057984
2358th: 7 { 7082 4940 4438 4436 4434 184 180 }   support: 0.801064  frequency: 10057984
2359th: 8 { 4940 4438 4434 4428 4426 184 180 17 }   support: 0.801064  frequency: 10057984
2360th: 6 { 7092 7082 7062 4438 4426 170 }   support: 0.801064  frequency: 10057984
2361th: 5 { 7112 7062 4434 4428 17 }   support: 0.801064  frequency: 10057984
2362th: 11 { 4940 4438 4432 4404 3404 265 260 188 184 180 170 }   support: 0.801064  frequency: 10057984
2363th: 9 { 7092 4436 4432 4428 265 260 184 180 170 }   support: 0.801064  frequency: 10057984
2364th: 7 { 7112 7062 4436 4430 4428 4426 188 }   support: 0.801064  frequency: 10057984
2365th: 11 { 4438 4432 4426 4404 3404 265 260 188 184 180 170 }   support: 0.801064  frequency: 10057984
2366th: 8 { 4940 4436 4434 4432 4428 4404 3404 170 }   support: 0.801064  frequency: 10057984
2367th: 8 { 7092 4438 4432 4430 4426 4404 3404 170 }   support: 0.801064  frequency: 10057984
2368th: 9 { 7112 7062 4940 4436 4428 4426 188 184 180 }   support: 0.801064  frequency: 10057984
2369th: 10 { 7112 7062 4940 4438 4428 4426 265 260 184 180 }   support: 0.801064  frequency: 10057984
2370th: 9 { 7092 4434 4430 4428 265 260 184 180 170 }   support: 0.801044  frequency: 10057728
2371th: 7 { 7062 4940 4438 4428 265 260 17 }   support: 0.801044  frequency: 10057728
2372th: 7 { 7112 4940 4438 4430 4428 265 260 }   support: 0.801044  frequency: 10057728
2373th: 10 { 4940 4428 4426 4404 3404 265 260 188 184 180 }   support: 0.801044  frequency: 10057728
2374th: 8 { 7062 4438 4436 4430 4404 3404 188 170 }   support: 0.801044  frequency: 10057728
2375th: 8 { 7112 7102 7062 4940 4438 4432 4428 4426 }   support: 0.801044  frequency: 10057728
2376th: 8 { 7092 4438 4430 4428 4426 4404 3404 188 }   support: 0.801044  frequency: 10057728
2377th: 8 { 7102 4438 4432 4428 4404 3404 184 180 }   support: 0.801044  frequency: 10057728
2378th: 8 { 7062 4940 4436 4434 4432 4428 265 260 }   support: 0.801044  frequency: 10057728
2379th: 8 { 7092 7062 4438 4432 4430 4426 4404 3404 }   support: 0.801044  frequency: 10057728
2380th: 9 { 7112 7092 7062 4432 4404 3404 184 180 170 }   support: 0.801044  frequency: 10057728
2381th: 10 { 7062 4940 4438 4432 4426 265 260 188 184 180 }   support: 0.801044  frequency: 10057728
2382th: 9 { 7112 7062 4438 4434 4432 4404 3404 188 170 }   support: 0.801044  frequency: 10057728
2383th: 8 { 4438 4436 4428 4426 184 180 170 17 }   support: 0.801044  frequency: 10057728
2384th: 6 { 7112 7092 4426 265 260 188 }   support: 0.801024  frequency: 10057472
2385th: 8 { 7092 4438 4436 4432 4428 4426 4404 3404 }   support: 0.801024  frequency: 10057472
2386th: 5 { 7112 4432 4428 170 17 }   support: 0.801024  frequency: 10057472
2387th: 9 { 7112 7102 7062 4438 4436 4432 4426 184 180 }   support: 0.801024  frequency: 10057472
2388th: 9 { 7102 7062 4438 4436 4434 4432 4430 4426 170 }   support: 0.801024  frequency: 10057472
2389th: 4 { 7082 4940 4438 188 }   support: 0.801024  frequency: 10057472
2390th: 10 { 7062 4438 4436 4426 4404 3404 265 260 184 180 }   support: 0.801024  frequency: 10057472
2391th: 8 { 7092 4436 4434 4426 4404 3404 184 180 }   support: 0.801024  frequency: 10057472
2392th: 9 { 7092 7062 4940 4438 4436 4434 4432 4430 4426 }   support: 0.801024  frequency: 10057472
2393th: 7 { 7112 4432 4430 4428 265 260 170 }   support: 0.801024  frequency: 10057472
2394th: 10 { 7092 4940 4438 4436 4434 4432 4428 188 184 180 }   support: 0.801024  frequency: 10057472
2395th: 7 { 7112 7062 4430 4428 4426 4404 3404 }   support: 0.801024  frequency: 10057472
2396th: 10 { 7092 7062 4438 4432 4404 3404 265 260 188 170 }   support: 0.801024  frequency: 10057472
2397th: 4 { 7092 4430 188 17 }   support: 0.801003  frequency: 10057216
2398th: 7 { 7112 7102 4438 4436 4432 4430 4428 }   support: 0.801003  frequency: 10057216
2399th: 5 { 7062 4434 4432 4430 17 }   support: 0.801003  frequency: 10057216
2400th: 10 { 7092 4940 4438 4436 4432 4430 4426 184 180 170 }   support: 0.801003  frequency: 10057216
2401th: 10 { 7092 7062 4434 4428 4426 4404 3404 188 184 180 }   support: 0.801003  frequency: 10057216
2402th: 7 { 7102 7062 4438 4432 4404 3404 188 }   support: 0.801003  frequency: 10057216
2403th: 8 { 7112 7092 7062 4434 4428 265 260 170 }   support: 0.801003  frequency: 10057216
2404th: 10 { 7112 7062 4438 4434 4432 4428 265 260 184 180 }   support: 0.800983  frequency: 10056960
2405th: 9 { 7062 4940 4438 4436 4434 4432 4430 188 170 }   support: 0.800983  frequency: 10056960
2406th: 7 { 7112 7092 7062 4940 4434 4404 3404 }   support: 0.800983  frequency: 10056960
2407th: 9 { 7062 4940 4434 4432 4428 265 260 188 170 }   support: 0.800983  frequency: 10056960
2408th: 4 { 7112 4940 4434 17 }   support: 0.800983  frequency: 10056960
2409th: 5 { 7112 7082 4438 4428 170 }   support: 0.800983  frequency: 10056960
2410th: 9 { 7092 4438 4428 4426 188 184 180 170 17 }   support: 0.800983  frequency: 10056960
2411th: 7 { 7092 4430 4426 4404 3404 188 170 }   support: 0.800983  frequency: 10056960
2412th: 6 { 7102 4438 4436 4430 4426 188 }   support: 0.800983  frequency: 10056960
2413th: 8 { 7112 7062 4940 4434 4432 265 260 170 }   support: 0.800983  frequency: 10056960
2414th: 9 { 7062 4432 4430 4404 3404 265 260 184 180 }   support: 0.800962  frequency: 10056704
2415th: 6 { 7092 7062 4428 265 260 17 }   support: 0.800962  frequency: 10056704
2416th: 7 { 7092 4438 4436 4430 4404 3404 170 }   support: 0.800962  frequency: 10056704
2417th: 9 { 7112 7092 7062 4940 4438 4436 4430 184 180 }   support: 0.800962  frequency: 10056704
2418th: 10 { 7112 7092 7062 4940 4438 4432 4430 4428 4426 170 }   support: 0.800962  frequency: 10056704
2419th: 7 { 7082 7062 4438 4434 4432 4428 170 }   support: 0.800962  frequency: 10056704
2420th: 10 { 7112 4438 4434 4428 4404 3404 188 184 180 170 }   support: 0.800962  frequency: 10056704
2421th: 9 { 7092 7062 4940 4434 4428 4404 3404 188 170 }   support: 0.800962  frequency: 10056704
2422th: 11 { 4438 4434 4432 4426 4404 3404 265 260 184 180 170 }   support: 0.800962  frequency: 10056704
2423th: 9 { 7062 4436 4434 4426 4404 3404 188 184 180 }   support: 0.800962  frequency: 10056704
2424th: 8 { 7102 4438 4432 4430 4428 188 184 180 }   support: 0.800962  frequency: 10056704
2425th: 8 { 7092 4436 4434 4426 265 260 184 180 }   support: 0.800962  frequency: 10056704
2426th: 8 { 7062 4428 265 260 188 184 180 17 }   support: 0.800962  frequency: 10056704
2427th: 11 { 7092 4940 4438 4404 3404 265 260 188 184 180 170 }   support: 0.800942  frequency: 10056448
2428th: 8 { 4438 4436 4430 4404 3404 188 184 180 }   support: 0.800942  frequency: 10056448
2429th: 10 { 4940 4438 4436 4430 4428 4426 188 184 180 170 }   support: 0.800942  frequency: 10056448
2430th: 8 { 7102 7092 4438 4434 4432 4428 188 170 }   support: 0.800942  frequency: 10056448
2431th: 7 { 7062 4438 4432 265 260 188 17 }   support: 0.800942  frequency: 10056448
2432th: 9 { 7062 4436 4434 4432 4428 4426 265 260 170 }   support: 0.800942  frequency: 10056448
2433th: 9 { 4940 4438 4436 4434 4432 4430 188 184 180 }   support: 0.800942  frequency: 10056448
2434th: 9 { 7112 7062 4940 4438 4436 4432 4430 4428 4426 }   support: 0.800942  frequency: 10056448
2435th: 6 { 4940 4430 4428 184 180 17 }   support: 0.800942  frequency: 10056448
2436th: 7 { 7112 7092 4940 4426 265 260 170 }   support: 0.800942  frequency: 10056448
2437th: 7 { 7112 7102 4438 4436 4432 4430 170 }   support: 0.800942  frequency: 10056448
2438th: 9 { 4436 4434 4428 4404 3404 265 260 184 180 }   support: 0.800942  frequency: 10056448
2439th: 9 { 7092 4436 4432 4428 4404 3404 184 180 170 }   support: 0.800942  frequency: 10056448
2440th: 8 { 4436 4434 4430 4404 3404 184 180 170 }   support: 0.800942  frequency: 10056448
2441th: 6 { 7112 7092 4436 4428 265 260 }   support: 0.800942  frequency: 10056448
2442th: 8 { 7092 4940 4438 4436 4426 265 260 170 }   support: 0.800942  frequency: 10056448
2443th: 8 { 7112 7092 7062 4940 4428 265 260 170 }   support: 0.800942  frequency: 10056448
2444th: 9 { 7112 7092 7062 4940 4436 4432 4426 184 180 }   support: 0.800942  frequency: 10056448
2445th: 9 { 7092 7062 4940 4438 188 184 180 170 17 }   support: 0.800942  frequency: 10056448
2446th: 8 { 4940 4438 4432 4428 4426 184 180 17 }   support: 0.800922  frequency: 10056192
2447th: 10 { 7062 4940 4426 4404 3404 265 260 188 184 180 }   support: 0.800922  frequency: 10056192
2448th: 8 { 7062 4438 4432 4404 3404 188 170 17 }   support: 0.800922  frequency: 10056192
2449th: 10 { 7062 4436 4432 4428 4404 3404 188 184 180 170 }   support: 0.800922  frequency: 10056192
2450th: 9 { 7112 7062 4438 4430 4428 4404 3404 184 180 }   support: 0.800922  frequency: 10056192
2451th: 7 { 7112 7062 4940 4434 4430 4426 188 }   support: 0.800922  frequency: 10056192
2452th: 10 { 7112 7062 4438 4432 4428 4426 4404 3404 184 180 }   support: 0.800922  frequency: 10056192
2453th: 8 { 7062 4940 4436 4426 4404 3404 188 170 }   support: 0.800922  frequency: 10056192
2454th: 5 { 7112 7082 4438 4436 4428 }   support: 0.800922  frequency: 10056192
2455th: 9 { 7062 4940 4438 4430 265 260 188 184 180 }   support: 0.800922  frequency: 10056192
2456th: 8 { 7112 7102 7062 4438 4436 4430 4428 170 }   support: 0.800901  frequency: 10055936
2457th: 7 { 7112 4438 4436 4434 4432 4430 188 }   support: 0.800901  frequency: 10055936
2458th: 9 { 4940 4434 4432 4426 4404 3404 188 184 180 }   support: 0.800901  frequency: 10055936
2459th: 9 { 7102 4940 4438 4436 4432 188 184 180 170 }   support: 0.800901  frequency: 10055936
2460th: 6 { 4436 4404 3404 184 180 17 }   support: 0.800901  frequency: 10055936
2461th: 8 { 7112 7092 7062 4430 4426 188 184 180 }   support: 0.800901  frequency: 10055936
2462th: 7 { 7062 4428 4404 3404 265 260 17 }   support: 0.800901  frequency: 10055936
2463th: 9 { 7092 7062 4436 4428 4404 3404 188 184 180 }   support: 0.800901  frequency: 10055936
2464th: 9 { 7062 4434 4432 4430 4428 4426 265 260 170 }   support: 0.800901  frequency: 10055936
2465th: 5 { 7062 4940 4436 4434 17 }   support: 0.800901  frequency: 10055936
2466th: 9 { 7112 4438 4434 4432 4430 4428 4426 188 170 }   support: 0.800901  frequency: 10055936
2467th: 5 { 7062 4436 265 260 17 }   support: 0.800901  frequency: 10055936
2468th: 9 { 7092 7062 4438 4426 188 184 180 170 17 }   support: 0.800901  frequency: 10055936
2469th: 9 { 7112 7092 4940 4436 4432 4428 4426 184 180 }   support: 0.800901  frequency: 10055936
2470th: 9 { 4438 4434 4404 3404 188 184 180 170 17 }   support: 0.800881  frequency: 10055680
2471th: 8 { 4436 4434 4430 265 260 184 180 170 }   support: 0.800881  frequency: 10055680
2472th: 9 { 7112 7092 4940 4438 4428 265 260 184 180 }   support: 0.800881  frequency: 10055680
2473th: 8 { 7112 7092 7062 4438 4436 4434 4426 188 }   support: 0.800881  frequency: 10055680
2474th: 9 { 4940 4438 4432 4430 4428 4426 4404 3404 170 }   support: 0.800881  frequency: 10055680
2475th: 7 { 7062 4436 4430 4428 4404 3404 188 }   support: 0.800881  frequency: 10055680
2476th: 8 { 7112 7092 4940 4430 188 184 180 170 }   support: 0.800881  frequency: 10055680
2477th: 6 { 4438 4432 4430 4428 4426 17 }   support: 0.80086  frequency: 10055424
2478th: 7 { 7112 7092 4940 4438 265 260 188 }   support: 0.80086  frequency: 10055424
2479th: 8 { 7062 4426 4404 3404 188 184 180 17 }   support: 0.80086  frequency: 10055424
2480th: 7 { 7112 7092 7062 4428 265 260 188 }   support: 0.80086  frequency: 10055424
2481th: 6 { 7062 4940 4430 184 180 17 }   support: 0.80086  frequency: 10055424
2482th: 10 { 7092 7062 4940 4438 4434 265 260 188 184 180 }   support: 0.80086  frequency: 10055424
2483th: 7 { 7102 7082 7062 4438 4436 4434 4432 }   support: 0.80086  frequency: 10055424
2484th: 9 { 7112 7092 7062 4436 4432 188 184 180 170 }   support: 0.80086  frequency: 10055424
2485th: 8 { 7112 4940 4434 4432 4404 3404 184 180 }   support: 0.80086  frequency: 10055424
2486th: 9 { 7102 7062 4940 4438 4434 4430 4428 4426 170 }   support: 0.80086  frequency: 10055424
2487th: 6 { 7092 7082 7062 4438 4434 4428 }   support: 0.80086  frequency: 10055424
2488th: 10 { 7102 7092 4940 4438 4432 4428 4426 184 180 170 }   support: 0.80086  frequency: 10055424
2489th: 10 { 7112 7062 4940 4438 4428 4426 4404 3404 184 180 }   support: 0.80086  frequency: 10055424
2490th: 8 { 4438 4432 4430 4426 265 260 188 170 }   support: 0.80086  frequency: 10055424
2491th: 7 { 7062 4438 4404 3404 3403 265 260 }   support: 0.80086  frequency: 10055424
2492th: 9 { 7092 7062 4434 4426 265 260 188 184 180 }   support: 0.80086  frequency: 10055424
2493th: 7 { 4432 4430 4428 184 180 170 17 }   support: 0.80086  frequency: 10055424
2494th: 6 { 7062 4436 4434 188 170 17 }   support: 0.80086  frequency: 10055424
2495th: 8 { 7102 7082 7062 4438 4434 184 180 170 }   support: 0.80086  frequency: 10055424
2496th: 10 { 7102 7062 4438 4436 4434 4426 188 184 180 170 }   support: 0.80084  frequency: 10055168
2497th: 7 { 7092 4434 4428 4426 184 180 17 }   support: 0.80084  frequency: 10055168
2498th: 4 { 7092 7082 4438 188 }   support: 0.80084  frequency: 10055168
2499th: 8 { 7112 4940 4438 4432 4428 4426 4404 3404 }   support: 0.80084  frequency: 10055168
2500th: 6 { 7062 4438 4436 4434 4426 17 }   support: 0.80084  frequency: 10055168
2501th: 8 { 7112 7092 4940 4436 4430 4428 184 180 }   support: 0.80084  frequency: 10055168
2502th: 6 { 7092 7082 4438 4436 4434 4428 }   support: 0.80084  frequency: 10055168
2503th: 6 { 7092 4438 4432 4404 3404 17 }   support: 0.80084  frequency: 10055168
2504th: 8 { 7112 4940 4438 4432 4426 4404 3404 170 }   support: 0.80084  frequency: 10055168
2505th: 8 { 7102 7092 4940 4438 4434 4430 184 180 }   support: 0.80084  frequency: 10055168
2506th: 10 { 7062 4436 4434 4432 4404 3404 188 184 180 170 }   support: 0.80084  frequency: 10055168
2507th: 10 { 7092 7062 4940 4438 4436 4434 4428 4426 188 170 }   support: 0.80084  frequency: 10055168
2508th: 10 { 4438 4432 4430 4428 265 260 188 184 180 170 }   support: 0.80084  frequency: 10055168
2509th: 7 { 4940 4438 4426 4404 3404 170 17 }   support: 0.80084  frequency: 10055168
2510th: 9 { 7112 4434 4404 3404 265 260 184 180 170 }   support: 0.80084  frequency: 10055168
2511th: 8 { 7062 4432 4428 4426 188 184 180 17 }   support: 0.80084  frequency: 10055168
2512th: 6 { 4940 4404 3404 265 260 17 }   support: 0.80084  frequency: 10055168
2513th: 9 { 7102 7062 4940 4428 4426 188 184 180 170 }   support: 0.80084  frequency: 10055168
2514th: 5 { 7092 4434 4432 4426 17 }   support: 0.80084  frequency: 10055168
2515th: 9 { 7102 7062 4438 4436 4432 4426 188 184 180 }   support: 0.80082  frequency: 10054912
2516th: 9 { 7112 7092 7062 4940 4434 4430 4428 4426 170 }   support: 0.80082  frequency: 10054912
2517th: 8 { 4940 4436 4434 4432 4428 265 260 170 }   support: 0.80082  frequency: 10054912
2518th: 6 { 4940 4438 4434 265 260 17 }   support: 0.80082  frequency: 10054912
2519th: 9 { 7102 7092 7062 4438 4432 4428 188 184 180 }   support: 0.80082  frequency: 10054912
2520th: 8 { 4434 4432 4428 188 184 180 170 17 }   support: 0.80082  frequency: 10054912
2521th: 6 { 7092 7082 7062 4438 4436 4426 }   support: 0.80082  frequency: 10054912
2522th: 8 { 4438 4436 4432 4426 265 260 188 170 }   support: 0.80082  frequency: 10054912
2523th: 6 { 4940 4434 4404 3404 170 17 }   support: 0.80082  frequency: 10054912
2524th: 8 { 7102 4940 4438 4436 4428 4426 188 170 }   support: 0.80082  frequency: 10054912
2525th: 6 { 7082 4940 4438 4426 184 180 }   support: 0.800799  frequency: 10054656
2526th: 8 { 7102 7062 4438 4432 4430 4428 188 170 }   support: 0.800799  frequency: 10054656
2527th: 7 { 7092 4940 4436 4428 4426 265 260 }   support: 0.800799  frequency: 10054656
2528th: 8 { 7112 7092 4940 4438 4434 265 260 170 }   support: 0.800799  frequency: 10054656
2529th: 9 { 7112 7102 7062 4438 4436 4432 4428 4426 170 }   support: 0.800799  frequency: 10054656
2530th: 9 { 7102 4940 4438 4434 4430 4428 4426 184 180 }   support: 0.800799  frequency: 10054656
2531th: 6 { 7102 7092 4438 4404 3404 188 }   support: 0.800799  frequency: 10054656
2532th: 9 { 4940 4438 4436 4428 265 260 188 184 180 }   support: 0.800799  frequency: 10054656
2533th: 4 { 7112 7082 4438 4426 }   support: 0.800799  frequency: 10054656
2534th: 8 { 7062 4940 4436 4428 4404 3404 265 260 }   support: 0.800779  frequency: 10054400
2535th: 8 { 4438 4428 4404 3404 265 260 170 17 }   support: 0.800779  frequency: 10054400
2536th: 7 { 7092 4940 4436 4428 4426 4404 3404 }   support: 0.800779  frequency: 10054400
2537th: 7 { 7102 4438 4436 4428 4426 265 260 }   support: 0.800779  frequency: 10054400
2538th: 9 { 7092 7062 4940 4438 4436 4434 265 260 170 }   support: 0.800779  frequency: 10054400
2539th: 7 { 7092 7062 4438 265 260 188 17 }   support: 0.800779  frequency: 10054400
2540th: 10 { 7092 7062 4438 4434 4430 4404 3404 184 180 170 }   support: 0.800779  frequency: 10054400
2541th: 9 { 7112 7092 4438 4434 4428 265 260 184 180 }   support: 0.800779  frequency: 10054400
2542th: 8 { 7102 7062 4940 4438 4432 4428 4426 188 }   support: 0.800779  frequency: 10054400
2543th: 10 { 7112 7092 4438 4434 4432 4428 4426 188 184 180 }   support: 0.800779  frequency: 10054400
2544th: 11 { 7112 7092 4438 4434 4432 4430 4428 4426 184 180 170 }   support: 0.800779  frequency: 10054400
2545th: 8 { 7092 4436 4432 4404 3404 188 184 180 }   support: 0.800779  frequency: 10054400
2546th: 10 { 7112 7062 4940 4438 4432 4430 188 184 180 170 }   support: 0.800758  frequency: 10054144
2547th: 8 { 7112 7092 7062 4404 3404 265 260 170 }   support: 0.800758  frequency: 10054144
2548th: 6 { 4438 4436 265 260 170 17 }   support: 0.800758  frequency: 10054144
2549th: 8 { 7112 7092 7062 4434 4428 4404 3404 170 }   support: 0.800758  frequency: 10054144
2550th: 8 { 7102 7092 4438 4436 4434 4432 4430 170 }   support: 0.800758  frequency: 10054144
2551th: 10 { 7092 7062 4438 4428 4426 4404 3404 265 260 188 }   support: 0.800758  frequency: 10054144
2552th: 7 { 7092 4438 4428 265 260 170 17 }   support: 0.800758  frequency: 10054144
2553th: 9 { 7112 4428 4426 265 260 188 184 180 170 }   support: 0.800758  frequency: 10054144
2554th: 10 { 7092 7062 4438 4430 4404 3404 188 184 180 170 }   support: 0.800758  frequency: 10054144
2555th: 7 { 7112 7102 4430 4428 4426 184 180 }   support: 0.800758  frequency: 10054144
2556th: 9 { 7102 7062 4434 4432 4426 188 184 180 170 }   support: 0.800758  frequency: 10054144
2557th: 8 { 7112 4434 4432 4428 4426 265 260 170 }   support: 0.800758  frequency: 10054144
2558th: 8 { 7062 4940 4438 4434 4426 184 180 17 }   support: 0.800758  frequency: 10054144
2559th: 7 { 4438 4434 4432 4428 4426 188 17 }   support: 0.800758  frequency: 10054144
2560th: 9 { 4940 4438 4436 4434 4428 4426 4404 3404 170 }   support: 0.800758  frequency: 10054144
2561th: 7 { 7102 4430 4428 4426 188 184 180 }   support: 0.800758  frequency: 10054144
2562th: 5 { 7112 7062 4940 4428 17 }   support: 0.800758  frequency: 10054144
2563th: 9 { 4940 4438 4432 4430 4428 4426 265 260 170 }   support: 0.800758  frequency: 10054144
2564th: 9 { 7092 7062 4438 4432 4428 184 180 170 17 }   support: 0.800758  frequency: 10054144
2565th: 10 { 7092 7062 4940 4438 4432 4430 4428 4426 188 170 }   support: 0.800758  frequency: 10054144
2566th: 11 { 7062 4940 4434 4432 4430 4428 4426 188 184 180 170 }   support: 0.800758  frequency: 10054144
2567th: 9 { 4436 4428 4404 3404 265 260 188 184 180 }   support: 0.800738  frequency: 10053888
2568th: 8 { 7112 7062 4438 4436 4434 4430 4428 188 }   support: 0.800738  frequency: 10053888
2569th: 6 { 4432 4426 4404 3404 170 17 }   support: 0.800738  frequency: 10053888
2570th: 9 { 7092 4436 4434 4432 265 260 184 180 170 }   support: 0.800738  frequency: 10053888
2571th: 10 { 4432 4428 4426 4404 3404 265 260 188 184 180 }   support: 0.800738  frequency: 10053888
2572th: 7 { 7112 7102 7092 4940 4438 4428 4426 }   support: 0.800738  frequency: 10053888
2573th: 10 { 7102 7092 7062 4940 4438 4432 4426 184 180 170 }   support: 0.800738  frequency: 10053888
2574th: 11 { 7092 4438 4432 4428 4426 4404 3404 188 184 180 170 }   support: 0.800738  frequency: 10053888
2575th: 6 { 7102 4432 4428 4426 265 260 }   support: 0.800738  frequency: 10053888
2576th: 7 { 7092 7062 4940 4434 184 180 17 }   support: 0.800738  frequency: 10053888
2577th: 8 { 7092 4940 4438 4436 4426 4404 3404 170 }   support: 0.800738  frequency: 10053888
2578th: 7 { 4436 4430 4428 4404 3404 188 170 }   support: 0.800738  frequency: 10053888
2579th: 7 { 7102 7092 4438 4428 4404 3404 170 }   support: 0.800738  frequency: 10053888
2580th: 7 { 7092 4434 4430 4426 4404 3404 170 }   support: 0.800738  frequency: 10053888
2581th: 10 { 7092 7062 4438 4434 4430 265 260 184 180 170 }   support: 0.800738  frequency: 10053888
2582th: 7 { 7112 7092 7062 4434 4432 4430 188 }   support: 0.800738  frequency: 10053888
2583th: 7 { 7112 7062 4438 4434 184 180 17 }   support: 0.800738  frequency: 10053888
2584th: 10 { 4438 4430 4404 3404 265 260 188 184 180 170 }   support: 0.800738  frequency: 10053888
2585th: 7 { 7092 7062 4434 4426 184 180 17 }   support: 0.800718  frequency: 10053632
2586th: 8 { 7062 4438 4436 4432 4426 265 260 188 }   support: 0.800718  frequency: 10053632
2587th: 8 { 7102 7082 4438 4436 4428 184 180 170 }   support: 0.800718  frequency: 10053632
2588th: 8 { 7112 7092 4434 4430 4428 188 184 180 }   support: 0.800718  frequency: 10053632
2589th: 7 { 7112 4940 4404 3404 265 260 188 }   support: 0.800718  frequency: 10053632
2590th: 7 { 7092 7062 4436 4434 4430 4426 188 }   support: 0.800718  frequency: 10053632
2591th: 8 { 7112 7092 7062 4940 4438 4436 4434 4430 }   support: 0.800718  frequency: 10053632
2592th: 10 { 4940 4438 4434 4428 4426 4404 3404 265 260 170 }   support: 0.800718  frequency: 10053632
2593th: 10 { 7112 7092 7062 4940 4432 4428 188 184 180 170 }   support: 0.800718  frequency: 10053632
2594th: 5 { 7112 4438 265 260 17 }   support: 0.800718  frequency: 10053632
2595th: 6 { 7062 4940 4426 4404 3404 17 }   support: 0.800697  frequency: 10053376
2596th: 7 { 7092 7062 4434 4430 4426 4404 3404 }   support: 0.800697  frequency: 10053376
2597th: 8 { 7112 7092 4432 4428 4404 3404 184 180 }   support: 0.800697  frequency: 10053376
2598th: 7 { 4940 4436 4426 265 260 188 170 }   support: 0.800697  frequency: 10053376
2599th: 10 { 7092 7062 4438 4436 4434 4430 188 184 180 170 }   support: 0.800697  frequency: 10053376
2600th: 6 { 4438 4432 4426 265 260 17 }   support: 0.800697  frequency: 10053376
2601th: 5 { 7062 4430 4426 188 17 }   support: 0.800697  frequency: 10053376
2602th: 9 { 7112 7092 4438 4430 4426 188 184 180 170 }   support: 0.800697  frequency: 10053376
2603th: 8 { 7112 7092 7062 4432 4430 4428 188 170 }   support: 0.800697  frequency: 10053376
2604th: 9 { 7112 7102 4438 4436 4432 4428 4426 184 180 }   support: 0.800697  frequency: 10053376
2605th: 10 { 7092 7062 4940 4438 4436 4432 4430 4426 184 180 }   support: 0.800697  frequency: 10053376
2606th: 10 { 7112 4940 4438 4430 4428 4426 188 184 180 170 }   support: 0.800697  frequency: 10053376
2607th: 8 { 7062 4438 4436 4430 4426 265 260 170 }   support: 0.800697  frequency: 10053376
2608th: 7 { 7082 7062 4438 4434 4428 4426 170 }   support: 0.800697  frequency: 10053376
2609th: 10 { 7112 7062 4438 4434 4432 4428 4404 3404 184 180 }   support: 0.800697  frequency: 10053376
2610th: 8 { 7092 4940 4434 4428 265 260 188 170 }   support: 0.800677  frequency: 10053120
2611th: 8 { 7112 7062 4434 4432 4430 4426 188 170 }   support: 0.800677  frequency: 10053120
2612th: 9 { 7092 7062 4940 4434 4404 3404 265 260 170 }   support: 0.800677  frequency: 10053120
2613th: 10 { 7062 4940 4438 4434 4426 4404 3404 265 260 170 }   support: 0.800677  frequency: 10053120
2614th: 9 { 4940 4434 4428 4404 3404 265 260 188 170 }   support: 0.800677  frequency: 10053120
2615th: 7 { 7092 7062 4434 4430 4426 265 260 }   support: 0.800677  frequency: 10053120
2616th: 5 { 7112 4940 4438 4426 17 }   support: 0.800677  frequency: 10053120
2617th: 9 { 7112 7092 4438 4404 3404 265 260 184 180 }   support: 0.800677  frequency: 10053120
2618th: 10 { 7112 7092 7062 4438 4434 4432 4426 188 184 180 }   support: 0.800677  frequency: 10053120
2619th: 7 { 7112 7062 4940 4438 184 180 17 }   support: 0.800677  frequency: 10053120
2620th: 6 { 7092 7082 4940 4438 4436 170 }   support: 0.800677  frequency: 10053120
2621th: 8 { 7062 4434 265 260 184 180 170 17 }   support: 0.800677  frequency: 10053120
2622th: 9 { 7102 7092 7062 4940 4438 4434 4432 4426 170 }   support: 0.800657  frequency: 10052864
2623th: 9 { 7112 7062 4940 4430 4428 4426 188 184 180 }   support: 0.800657  frequency: 10052864
2624th: 8 { 7112 4438 4434 4432 265 260 188 170 }   support: 0.800657  frequency: 10052864
2625th: 8 { 7062 4438 4432 4430 4426 265 260 188 }   support: 0.800657  frequency: 10052864
2626th: 7 { 7112 4426 4404 3404 265 260 188 }   support: 0.800657  frequency: 10052864
2627th: 8 { 4436 4432 4430 265 260 184 180 170 }   support: 0.800657  frequency: 10052864
2628th: 7 { 7102 7062 4940 4438 4430 188 170 }   support: 0.800657  frequency: 10052864
2629th: 10 { 7062 4940 4438 4430 4428 4404 3404 188 184 180 }   support: 0.800657  frequency: 10052864
2630th: 8 { 7112 7062 4434 4432 4428 4426 265 260 }   support: 0.800657  frequency: 10052864
2631th: 4 { 7102 4438 4428 17 }   support: 0.800657  frequency: 10052864
2632th: 7 { 7092 4434 4430 4426 265 260 170 }   support: 0.800657  frequency: 10052864
2633th: 8 { 7062 4940 4432 4430 4404 3404 188 170 }   support: 0.800657  frequency: 10052864
2634th: 7 { 7092 4940 4430 4428 4426 4404 3404 }   support: 0.800657  frequency: 10052864
2635th: 8 { 4940 4438 4436 4434 4432 4404 3404 188 }   support: 0.800657  frequency: 10052864
2636th: 8 { 7112 4434 4432 4426 265 260 184 180 }   support: 0.800657  frequency: 10052864
2637th: 7 { 7112 4940 4438 4436 4434 265 260 }   support: 0.800657  frequency: 10052864
2638th: 9 { 7092 7062 4940 4438 4436 4434 4404 3404 170 }   support: 0.800636  frequency: 10052608
2639th: 8 { 7102 7062 4438 4436 4430 188 184 180 }   support: 0.800636  frequency: 10052608
2640th: 9 { 7102 4436 4434 4432 4428 188 184 180 170 }   support: 0.800636  frequency: 10052608
2641th: 7 { 7112 4436 4434 4430 4428 188 170 }   support: 0.800636  frequency: 10052608
2642th: 7 { 7112 7102 7062 4940 4432 4426 170 }   support: 0.800636  frequency: 10052608
2643th: 7 { 7112 7102 7062 4940 4438 188 170 }   support: 0.800636  frequency: 10052608
2644th: 10 { 7112 4940 4438 4436 4434 4428 188 184 180 170 }   support: 0.800636  frequency: 10052608
2645th: 6 { 7102 7062 4940 4430 4428 188 }   support: 0.800636  frequency: 10052608
2646th: 9 { 7112 7102 7092 4438 4432 4428 184 180 170 }   support: 0.800636  frequency: 10052608
2647th: 9 { 7062 4940 4436 4430 4426 188 184 180 170 }   support: 0.800636  frequency: 10052608
2648th: 6 { 7112 7102 4940 4430 4428 170 }   support: 0.800636  frequency: 10052608
2649th: 8 { 4438 4436 4432 4426 4404 3404 265 260 }   support: 0.800636  frequency: 10052608
2650th: 7 { 7112 7092 4428 4426 4404 3404 188 }   support: 0.800616  frequency: 10052352
2651th: 7 { 7112 7092 4940 4426 4404 3404 170 }   support: 0.800616  frequency: 10052352
2652th: 9 { 7102 7092 7062 4436 4430 4428 184 180 170 }   support: 0.800616  frequency: 10052352
2653th: 5 { 7082 4438 4436 4428 188 }   support: 0.800616  frequency: 10052352
2654th: 9 { 7102 7092 7062 4430 4428 4426 184 180 170 }   support: 0.800616  frequency: 10052352
2655th: 8 { 4432 4404 3404 188 184 180 170 17 }   support: 0.800616  frequency: 10052352
2656th: 5 { 7092 7062 4436 188 17 }   support: 0.800616  frequency: 10052352
2657th: 7 { 7062 4430 4428 4426 184 180 17 }   support: 0.800616  frequency: 10052352
2658th: 5 { 4432 4430 4426 170 17 }   support: 0.800616  frequency: 10052352
2659th: 9 { 7112 4940 4404 3404 265 260 184 180 170 }   support: 0.800616  frequency: 10052352
2660th: 8 { 7112 7062 4438 4432 4430 265 260 170 }   support: 0.800616  frequency: 10052352
2661th: 7 { 7112 7092 7062 4436 4404 3404 170 }   support: 0.800616  frequency: 10052352
2662th: 5 { 7092 4428 4404 3404 3403 }   support: 0.800616  frequency: 10052352
2663th: 8 { 7112 7102 7062 4940 4436 4432 184 180 }   support: 0.800616  frequency: 10052352
2664th: 7 { 7092 4438 4432 4430 265 260 188 }   support: 0.800616  frequency: 10052352
2665th: 10 { 7092 4940 4438 4432 4428 4404 3404 188 184 180 }   support: 0.800595  frequency: 10052096
2666th: 7 { 7102 7092 4940 4438 4426 188 170 }   support: 0.800595  frequency: 10052096
2667th: 8 { 7112 7062 4940 4434 4432 4404 3404 170 }   support: 0.800595  frequency: 10052096
2668th: 6 { 7102 7062 4436 4432 4430 188 }   support: 0.800595  frequency: 10052096
2669th: 7 { 4404 3404 3403 265 260 184 180 }   support: 0.800595  frequency: 10052096
2670th: 9 { 7112 7102 4940 4438 4436 4432 184 180 170 }   support: 0.800595  frequency: 10052096
2671th: 6 { 4434 4428 4426 4404 3404 17 }   support: 0.800595  frequency: 10052096
2672th: 9 { 7112 7102 7062 4436 4434 4432 4428 184 180 }   support: 0.800595  frequency: 10052096
2673th: 7 { 7102 7062 265 260 188 184 180 }   support: 0.800595  frequency: 10052096
2674th: 7 { 7092 4940 4436 4434 4428 4404 3404 }   support: 0.800595  frequency: 10052096
2675th: 7 { 7102 4438 4428 4404 3404 265 260 }   support: 0.800595  frequency: 10052096
2676th: 10 { 7062 4438 4436 4428 4426 265 260 188 184 180 }   support: 0.800595  frequency: 10052096
2677th: 9 { 7102 7092 7062 4940 4436 4432 4428 184 180 }   support: 0.800595  frequency: 10052096
2678th: 8 { 7112 4940 4438 4432 4430 4426 188 170 }   support: 0.800595  frequency: 10052096
2679th: 10 { 4940 4438 4432 4428 4426 4404 3404 265 260 170 }   support: 0.800595  frequency: 10052096
2680th: 10 { 7112 7092 4438 4428 4426 265 260 184 180 170 }   support: 0.800595  frequency: 10052096
2681th: 8 { 7112 4434 4432 4428 4426 4404 3404 170 }   support: 0.800595  frequency: 10052096
2682th: 9 { 7092 7062 4940 4432 265 260 188 184 180 }   support: 0.800595  frequency: 10052096
2683th: 8 { 4438 4426 265 260 188 184 180 17 }   support: 0.800595  frequency: 10052096
2684th: 8 { 7102 7062 4940 4432 4430 4428 4426 170 }   support: 0.800595  frequency: 10052096
2685th: 5 { 4940 4438 4430 4426 17 }   support: 0.800595  frequency: 10052096
2686th: 8 { 7112 7092 7062 4940 4428 4404 3404 170 }   support: 0.800595  frequency: 10052096
2687th: 8 { 7062 4940 4438 4436 184 180 170 17 }   support: 0.800595  frequency: 10052096
2688th: 7 { 7112 7062 4432 4430 4428 4404 3404 }   support: 0.800575  frequency: 10051840
2689th: 7 { 7112 7092 4438 4434 265 260 188 }   support: 0.800575  frequency: 10051840
2690th: 7 { 7112 4940 4438 4430 4428 4404 3404 }   support: 0.800575  frequency: 10051840
2691th: 9 { 4940 4438 4436 4426 4404 3404 188 184 180 }   support: 0.800575  frequency: 10051840
2692th: 9 { 7112 4438 4436 4404 3404 188 184 180 170 }   support: 0.800575  frequency: 10051840
2693th: 8 { 7112 7062 4940 4438 4432 4426 265 260 }   support: 0.800575  frequency: 10051840
2694th: 8 { 7092 4940 4438 4428 4426 184 180 17 }   support: 0.800575  frequency: 10051840
2695th: 9 { 4436 4434 4432 4428 4426 4404 3404 184 180 }   support: 0.800575  frequency: 10051840
2696th: 10 { 7062 4940 4438 4434 4430 4428 4404 3404 184 180 }   support: 0.800575  frequency: 10051840
2697th: 8 { 7092 4438 4436 4434 4430 4428 4426 188 }   support: 0.800575  frequency: 10051840
2698th: 9 { 7062 4940 4438 4432 4430 4428 4426 4404 3404 }   support: 0.800575  frequency: 10051840
2699th: 6 { 7102 4434 4430 4428 4426 188 }   support: 0.800575  frequency: 10051840
2700th: 8 { 7102 7062 4940 4438 4434 4432 4430 4426 }   support: 0.800575  frequency: 10051840
2701th: 12 { 7092 7062 4438 4428 4426 4404 3404 265 260 184 180 170 }   support: 0.800575  frequency: 10051840
2702th: 6 { 7102 7082 7062 4940 4438 170 }   support: 0.800575  frequency: 10051840
2703th: 8 { 7092 7062 4436 4434 4426 4404 3404 170 }   support: 0.800575  frequency: 10051840
2704th: 8 { 7102 4436 4434 4432 4430 4426 184 180 }   support: 0.800575  frequency: 10051840
2705th: 9 { 7102 7092 7062 4940 4432 4428 4426 184 180 }   support: 0.800575  frequency: 10051840
2706th: 10 { 7102 7092 4940 4438 4436 4432 4428 184 180 170 }   support: 0.800575  frequency: 10051840
2707th: 8 { 7062 4438 4436 4430 4426 4404 3404 170 }   support: 0.800575  frequency: 10051840
2708th: 8 { 7112 7062 4940 4438 4436 4432 4426 188 }   support: 0.800575  frequency: 10051840
2709th: 9 { 7112 7092 4940 4438 4428 4404 3404 184 180 }   support: 0.800555  frequency: 10051584
2710th: 5 { 7102 7092 4426 265 260 }   support: 0.800555  frequency: 10051584
2711th: 8 { 7102 7092 4438 4436 4434 4432 4430 4428 }   support: 0.800555  frequency: 10051584
2712th: 6 { 7112 7092 4940 4430 4426 188 }   support: 0.800555  frequency: 10051584
2713th: 9 { 7112 7062 4426 265 260 188 184 180 170 }   support: 0.800555  frequency: 10051584
2714th: 9 { 7112 7092 4436 4432 4430 4428 184 180 170 }   support: 0.800555  frequency: 10051584
2715th: 10 { 7092 7062 4940 4438 4434 4432 4430 4428 188 170 }   support: 0.800555  frequency: 10051584
2716th: 9 { 7062 4940 4438 4432 4430 4428 4426 265 260 }   support: 0.800555  frequency: 10051584
2717th: 9 { 7092 4436 4434 4432 4404 3404 184 180 170 }   support: 0.800555  frequency: 10051584
2718th: 6 { 7062 4940 4438 4436 188 17 }   support: 0.800555  frequency: 10051584
2719th: 9 { 7112 7092 7062 4436 4432 4430 4428 184 180 }   support: 0.800555  frequency: 10051584
2720th: 6 { 7112 7102 7092 4940 4426 170 }   support: 0.800555  frequency: 10051584
2721th: 9 { 7062 4940 4434 4432 4428 4404 3404 265 260 }   support: 0.800555  frequency: 10051584
2722th: 8 { 7112 7102 7092 7062 4432 4428 184 180 }   support: 0.800555  frequency: 10051584
2723th: 9 { 7062 4432 4430 4428 265 260 188 184 180 }   support: 0.800555  frequency: 10051584
2724th: 9 { 7092 7062 4940 4436 4432 4426 188 184 180 }   support: 0.800555  frequency: 10051584
2725th: 6 { 7062 4940 4434 4432 188 17 }   support: 0.800555  frequency: 10051584
2726th: 6 { 7102 7062 4940 4436 265 260 }   support: 0.800555  frequency: 10051584
2727th: 8 { 7102 4940 4438 4432 4428 4426 188 170 }   support: 0.800534  frequency: 10051328
2728th: 8 { 7102 4940 4432 4430 4428 4426 184 180 }   support: 0.800534  frequency: 10051328
2729th: 8 { 7102 4940 4434 4430 4426 184 180 170 }   support: 0.800534  frequency: 10051328
2730th: 9 { 7112 7092 7062 4438 4436 4434 4432 4430 4428 }   support: 0.800534  frequency: 10051328
2731th: 6 { 7102 7082 4940 4438 184 180 }   support: 0.800534  frequency: 10051328
2732th: 10 { 7102 7092 7062 4940 4438 4436 4428 4426 184 180 }   support: 0.800534  frequency: 10051328
2733th: 8 { 4940 4438 4436 4432 265 260 188 170 }   support: 0.800534  frequency: 10051328
2734th: 10 { 7092 4940 4438 4436 4432 4426 188 184 180 170 }   support: 0.800534  frequency: 10051328
2735th: 10 { 7062 4940 4438 4436 4434 4430 4428 188 184 180 }   support: 0.800534  frequency: 10051328
2736th: 7 { 7102 7092 4940 4438 4428 4426 188 }   support: 0.800534  frequency: 10051328
2737th: 10 { 7062 4940 4438 4434 4428 4426 265 260 188 170 }   support: 0.800514  frequency: 10051072
2738th: 7 { 7112 4432 4430 4428 4404 3404 170 }   support: 0.800514  frequency: 10051072
2739th: 9 { 4438 4428 4426 265 260 184 180 170 17 }   support: 0.800514  frequency: 10051072
2740th: 7 { 7092 4940 4430 4428 4426 265 260 }   support: 0.800514  frequency: 10051072
2741th: 9 { 7102 7092 4940 4438 4434 4432 4428 4426 170 }   support: 0.800514  frequency: 10051072
2742th: 8 { 7092 4940 4434 4432 4426 4404 3404 170 }   support: 0.800514  frequency: 10051072
2743th: 9 { 4940 4432 4428 4404 3404 265 260 188 170 }   support: 0.800514  frequency: 10051072
2744th: 5 { 7092 4940 4434 4432 17 }   support: 0.800514  frequency: 10051072
2745th: 10 { 7112 7092 4940 4438 4432 4430 4426 184 180 170 }   support: 0.800514  frequency: 10051072
2746th: 6 { 7112 7092 7062 184 180 17 }   support: 0.800514  frequency: 10051072
2747th: 8 { 7102 7062 4940 4438 4432 4426 188 170 }   support: 0.800514  frequency: 10051072
2748th: 11 { 7112 7092 7062 4438 4434 4432 4430 4428 4426 184 180 }   support: 0.800514  frequency: 10051072
2749th: 7 { 7102 7092 4940 4436 188 184 180 }   support: 0.800514  frequency: 10051072
2750th: 9 { 7062 4436 4434 4432 4430 4428 4426 188 170 }   support: 0.800514  frequency: 10051072
2751th: 6 { 7102 7062 4428 265 260 188 }   support: 0.800493  frequency: 10050816
2752th: 9 { 4434 4432 4430 4428 4426 4404 3404 184 180 }   support: 0.800493  frequency: 10050816
2753th: 8 { 7112 7092 7062 4438 4434 4404 3404 188 }   support: 0.800493  frequency: 10050816
2754th: 8 { 7112 7062 4438 188 184 180 170 17 }   support: 0.800493  frequency: 10050816
2755th: 4 { 4940 4434 4430 17 }   support: 0.800493  frequency: 10050816
2756th: 8 { 7112 4940 4436 4432 4430 4428 4426 170 }   support: 0.800493  frequency: 10050816
2757th: 7 { 7102 4404 3404 265 260 184 180 }   support: 0.800493  frequency: 10050816
2758th: 6 { 7102 4940 4438 4426 4404 3404 }   support: 0.800493  frequency: 10050816
2759th: 7 { 7102 7092 4436 4426 188 184 180 }   support: 0.800493  frequency: 10050816
2760th: 9 { 7112 7062 4940 4434 4430 188 184 180 170 }   support: 0.800493  frequency: 10050816
2761th: 6 { 7112 7102 7092 4438 4434 4430 }   support: 0.800493  frequency: 10050816
2762th: 7 { 7112 7102 7092 4940 4438 4434 4432 }   support: 0.800493  frequency: 10050816
2763th: 10 { 7092 4940 4436 4434 4432 4430 4428 184 180 170 }   support: 0.800493  frequency: 10050816
2764th: 10 { 4940 4438 4432 4426 4404 3404 265 260 184 180 }   support: 0.800493  frequency: 10050816
2765th: 8 { 7102 7062 4436 4432 4428 4426 188 170 }   support: 0.800493  frequency: 10050816
2766th: 9 { 7112 7092 4436 4430 4428 4426 184 180 170 }   support: 0.800473  frequency: 10050560
2767th: 7 { 7092 4438 4434 4432 4428 170 17 }   support: 0.800473  frequency: 10050560
2768th: 7 { 7112 7102 4438 4434 4432 188 170 }   support: 0.800473  frequency: 10050560
2769th: 9 { 7112 7092 7062 4434 4432 4428 4426 188 170 }   support: 0.800473  frequency: 10050560
2770th: 6 { 7082 7062 4940 4438 4426 170 }   support: 0.800473  frequency: 10050560
2771th: 9 { 7062 4940 4438 4436 4434 4428 4426 4404 3404 }   support: 0.800473  frequency: 10050560
2772th: 9 { 7092 7062 4940 4432 4428 4404 3404 188 170 }   support: 0.800473  frequency: 10050560
2773th: 6 { 7102 4436 4434 4432 4404 3404 }   support: 0.800473  frequency: 10050560
2774th: 8 { 7092 7062 4438 4404 3404 188 170 17 }   support: 0.800473  frequency: 10050560
2775th: 8 { 7112 4940 4438 4434 4432 4428 265 260 }   support: 0.800473  frequency: 10050560
2776th: 8 { 7092 7062 4436 4434 4426 265 260 170 }   support: 0.800473  frequency: 10050560
2777th: 8 { 7112 4940 4438 4436 4432 4428 4426 188 }   support: 0.800473  frequency: 10050560
2778th: 6 { 7112 7102 4438 4436 4426 188 }   support: 0.800473  frequency: 10050560
2779th: 9 { 4434 4430 4404 3404 265 260 184 180 170 }   support: 0.800473  frequency: 10050560
2780th: 9 { 7092 4434 4428 4426 265 260 188 184 180 }   support: 0.800473  frequency: 10050560
2781th: 9 { 7112 7062 4940 4436 4434 4428 188 184 180 }   support: 0.800473  frequency: 10050560
2782th: 7 { 7092 4438 4428 4404 3404 188 17 }   support: 0.800473  frequency: 10050560
2783th: 8 { 7112 7062 4434 4432 4426 265 260 170 }   support: 0.800473  frequency: 10050560
2784th: 9 { 4940 4438 4436 4434 4428 4426 265 260 170 }   support: 0.800453  frequency: 10050304
2785th: 10 { 7112 7102 7062 4438 4436 4434 4426 184 180 170 }   support: 0.800453  frequency: 10050304
2786th: 10 { 7112 7092 7062 4434 4432 4430 4426 184 180 170 }   support: 0.800453  frequency: 10050304
2787th: 10 { 7112 7102 7062 4940 4438 4434 4428 184 180 170 }   support: 0.800453  frequency: 10050304
2788th: 4 { 7112 7102 7082 4438 }   support: 0.800453  frequency: 10050304
2789th: 7 { 4434 265 260 188 184 180 17 }   support: 0.800453  frequency: 10050304
2790th: 9 { 7112 7092 4438 4432 4430 4428 188 184 180 }   support: 0.800453  frequency: 10050304
2791th: 7 { 7092 7062 4430 4426 4404 3404 188 }   support: 0.800453  frequency: 10050304
2792th: 10 { 7112 7092 7062 4438 4426 265 260 184 180 170 }   support: 0.800453  frequency: 10050304
2793th: 9 { 7102 7062 4940 4436 4434 188 184 180 170 }   support: 0.800453  frequency: 10050304
2794th: 10 { 7112 7092 4940 4438 4436 4432 4426 184 180 170 }   support: 0.800432  frequency: 10050048
2795th: 7 { 7112 7092 7062 4426 4404 3404 188 }   support: 0.800432  frequency: 10050048
2796th: 10 { 7092 7062 4940 4436 4434 4432 4430 4428 184 180 }   support: 0.800432  frequency: 10050048
2797th: 8 { 7112 7062 4434 4432 4428 4426 4404 3404 }   support: 0.800432  frequency: 10050048
2798th: 10 { 7062 4434 4432 4428 4426 4404 3404 265 260 170 }   support: 0.800432  frequency: 10050048
2799th: 7 { 7092 7062 4438 4432 4428 188 17 }   support: 0.800432  frequency: 10050048
2800th: 4 { 7092 4432 4430 17 }   support: 0.800432  frequency: 10050048
2801th: 7 { 7092 4940 4436 4434 4428 265 260 }   support: 0.800432  frequency: 10050048
2802th: 7 { 7082 4438 4434 4428 4426 184 180 }   support: 0.800432  frequency: 10050048
2803th: 8 { 7112 7062 4438 4434 4432 265 260 188 }   support: 0.800432  frequency: 10050048
2804th: 10 { 7092 7062 4434 4432 265 260 188 184 180 170 }   support: 0.800432  frequency: 10050048
2805th: 10 { 4434 4432 4428 4426 4404 3404 265 260 184 180 }   support: 0.800432  frequency: 10050048
2806th: 5 { 7112 4426 188 170 17 }   support: 0.800432  frequency: 10050048
2807th: 8 { 7062 4940 4434 4432 184 180 170 17 }   support: 0.800432  frequency: 10050048
2808th: 9 { 7112 7092 4438 4434 4428 4404 3404 184 180 }   support: 0.800432  frequency: 10050048
2809th: 10 { 7092 4940 4438 4434 4404 3404 265 260 184 180 }   support: 0.800412  frequency: 10049792
2810th: 7 { 7112 4940 4438 4436 4430 188 170 }   support: 0.800412  frequency: 10049792
2811th: 7 { 7112 4940 4434 4430 4426 188 170 }   support: 0.800412  frequency: 10049792
2812th: 6 { 7092 4940 4438 265 260 17 }   support: 0.800412  frequency: 10049792
2813th: 9 { 7112 7092 7062 4940 4438 4436 4434 4432 4426 }   support: 0.800412  frequency: 10049792
2814th: 8 { 7092 4438 4434 4432 4426 265 260 188 }   support: 0.800412  frequency: 10049792
2815th: 4 { 7092 7082 4940 4428 }   support: 0.800412  frequency: 10049792
2816th: 8 { 7092 7062 4940 4436 4430 188 184 180 }   support: 0.800412  frequency: 10049792
2817th: 8 { 7092 4940 4436 4434 4432 4430 4426 170 }   support: 0.800412  frequency: 10049792
2818th: 6 { 7102 7092 4434 4404 3404 170 }   support: 0.800412  frequency: 10049792
2819th: 7 { 7112 7102 7062 4438 4434 4430 4426 }   support: 0.800412  frequency: 10049792
2820th: 5 { 7092 4434 265 260 17 }   support: 0.800412  frequency: 10049792
2821th: 9 { 4436 4434 4432 4428 4426 265 260 184 180 }   support: 0.800412  frequency: 10049792
2822th: 6 { 7112 4940 4438 4428 170 17 }   support: 0.800412  frequency: 10049792
2823th: 6 { 7112 7102 4940 4438 4436 4430 }   support: 0.800412  frequency: 10049792
2824th: 11 { 7092 7062 4438 4432 4426 4404 3404 188 184 180 170 }   support: 0.800412  frequency: 10049792
2825th: 8 { 4436 4432 4430 4404 3404 184 180 170 }   support: 0.800412  frequency: 10049792
2826th: 9 { 7112 7092 4940 4434 4430 4426 184 180 170 }   support: 0.800412  frequency: 10049792
2827th: 9 { 7062 4430 4428 4426 4404 3404 265 260 170 }   support: 0.800412  frequency: 10049792
2828th: 4 { 7112 4432 4426 17 }   support: 0.800412  frequency: 10049792
2829th: 11 { 7102 7092 7062 4438 4436 4432 4428 4426 184 180 170 }   support: 0.800412  frequency: 10049792
2830th: 9 { 4430 4428 4426 4404 3404 265 260 184 180 }   support: 0.800391  frequency: 10049536
2831th: 9 { 4434 4432 4430 4428 4426 265 260 184 180 }   support: 0.800391  frequency: 10049536
2832th: 8 { 7102 7092 7062 4940 4438 4434 4430 170 }   support: 0.800391  frequency: 10049536
2833th: 8 { 7112 7102 4940 4438 4432 4426 184 180 }   support: 0.800391  frequency: 10049536
2834th: 6 { 7062 4434 4426 4404 3404 17 }   support: 0.800391  frequency: 10049536
2835th: 9 { 7102 4434 4432 4428 4426 188 184 180 170 }   support: 0.800391  frequency: 10049536
2836th: 8 { 7112 4438 4436 4432 4430 188 184 180 }   support: 0.800391  frequency: 10049536
2837th: 9 { 7112 7092 7062 4438 4434 4430 188 184 180 }   support: 0.800391  frequency: 10049536
2838th: 6 { 7112 7062 4432 184 180 17 }   support: 0.800391  frequency: 10049536
2839th: 7 { 7102 4438 4428 265 260 188 170 }   support: 0.800391  frequency: 10049536
2840th: 8 { 7092 4438 4432 4426 184 180 170 17 }   support: 0.800391  frequency: 10049536
2841th: 5 { 7092 4438 4436 4432 17 }   support: 0.800371  frequency: 10049280
2842th: 7 { 7102 7062 4404 3404 265 260 170 }   support: 0.800371  frequency: 10049280
2843th: 7 { 7062 4438 4434 4432 4426 188 17 }   support: 0.800371  frequency: 10049280
2844th: 8 { 7092 4940 4434 4432 4426 265 260 170 }   support: 0.800371  frequency: 10049280
2845th: 5 { 7082 7062 4940 4434 4428 }   support: 0.800371  frequency: 10049280
2846th: 6 { 4434 4404 3404 265 260 17 }   support: 0.800371  frequency: 10049280
2847th: 8 { 4438 4434 4430 4428 4426 265 260 188 }   support: 0.800371  frequency: 10049280
2848th: 7 { 7062 4430 4426 184 180 170 17 }   support: 0.800371  frequency: 10049280
2849th: 10 { 7062 4940 4434 4432 4404 3404 265 260 184 180 }   support: 0.800371  frequency: 10049280
2850th: 8 { 4436 4432 4404 3404 265 260 188 170 }   support: 0.800371  frequency: 10049280
2851th: 8 { 7062 4940 4430 4428 4404 3404 265 260 }   support: 0.800371  frequency: 10049280
2852th: 8 { 7062 4940 4432 4430 4426 4404 3404 170 }   support: 0.800371  frequency: 10049280
2853th: 8 { 7112 7062 4428 4404 3404 265 260 188 }   support: 0.800371  frequency: 10049280
2854th: 11 { 7092 4438 4434 4404 3404 265 260 188 184 180 170 }   support: 0.800371  frequency: 10049280
2855th: 6 { 4432 4428 4426 4404 3404 17 }   support: 0.800351  frequency: 10049024
2856th: 8 { 7092 7062 4940 4438 4436 4426 265 260 }   support: 0.800351  frequency: 10049024
2857th: 9 { 4438 4434 4432 4428 4426 184 180 170 17 }   support: 0.800351  frequency: 10049024
2858th: 5 { 7092 7082 4436 4426 170 }   support: 0.800351  frequency: 10049024
2859th: 7 { 7082 4940 4438 4436 4428 184 180 }   support: 0.800351  frequency: 10049024
2860th: 8 { 7112 7092 4940 4438 4434 4404 3404 170 }   support: 0.800351  frequency: 10049024
2861th: 7 { 7082 7062 4940 4438 4436 4428 170 }   support: 0.800351  frequency: 10049024
2862th: 11 { 7092 7062 4436 4434 4432 4430 4428 4426 184 180 170 }   support: 0.800351  frequency: 10049024
2863th: 5 { 7112 7062 4432 4428 17 }   support: 0.800351  frequency: 10049024
2864th: 8 { 7112 7062 4434 4432 4426 4404 3404 170 }   support: 0.800351  frequency: 10049024
2865th: 10 { 7112 7092 4438 4436 4434 4430 4428 184 180 170 }   support: 0.800351  frequency: 10049024
2866th: 7 { 7092 4940 4432 4430 4428 4404 3404 }   support: 0.800351  frequency: 10049024
2867th: 10 { 7062 4438 4436 4430 4428 265 260 184 180 170 }   support: 0.800351  frequency: 10049024
2868th: 8 { 4940 4432 4430 4426 4404 3404 184 180 }   support: 0.800351  frequency: 10049024
2869th: 9 { 7102 4940 4438 4434 4426 188 184 180 170 }   support: 0.800351  frequency: 10049024
2870th: 5 { 7112 4438 4434 4426 17 }   support: 0.800351  frequency: 10049024
2871th: 6 { 7112 4438 4434 4428 170 17 }   support: 0.800351  frequency: 10049024
2872th: 10 { 7112 4940 4438 4428 4404 3404 188 184 180 170 }   support: 0.800351  frequency: 10049024
2873th: 8 { 4940 4430 4428 4426 4404 3404 188 170 }   support: 0.80033  frequency: 10048768
2874th: 7 { 7102 7092 4940 4432 4430 184 180 }   support: 0.80033  frequency: 10048768
2875th: 5 { 7092 4436 4434 170 17 }   support: 0.80033  frequency: 10048768
2876th: 7 { 7102 7092 4940 4436 4434 4432 4426 }   support: 0.80033  frequency: 10048768
2877th: 9 { 7062 4940 4438 4434 4432 4430 4428 4404 3404 }   support: 0.80033  frequency: 10048768
2878th: 9 { 7112 7092 4438 4436 4434 4432 4430 184 180 }   support: 0.80033  frequency: 10048768
2879th: 7 { 7092 4432 4428 4426 184 180 17 }   support: 0.80033  frequency: 10048768
2880th: 9 { 7092 4438 4430 265 260 188 184 180 170 }   support: 0.80033  frequency: 10048768
2881th: 10 { 7112 7062 4428 4426 4404 3404 188 184 180 170 }   support: 0.80033  frequency: 10048768
2882th: 7 { 7092 4940 4432 4430 4428 265 260 }   support: 0.80033  frequency: 10048768
2883th: 9 { 7062 4438 4426 265 260 184 180 170 17 }   support: 0.80033  frequency: 10048768
2884th: 10 { 4940 4438 4434 4432 4428 265 260 188 184 180 }   support: 0.80033  frequency: 10048768
2885th: 5 { 7112 7102 4940 4436 188 }   support: 0.80033  frequency: 10048768
2886th: 7 { 7102 7062 4428 4404 3404 188 170 }   support: 0.80033  frequency: 10048768
2887th: 8 { 7102 7062 4940 4436 4432 188 184 180 }   support: 0.80033  frequency: 10048768
2888th: 7 { 7102 7092 7062 4438 4428 4404 3404 }   support: 0.80033  frequency: 10048768
2889th: 7 { 7102 7092 7062 4940 4438 4426 188 }   support: 0.80033  frequency: 10048768
2890th: 8 { 7112 4434 4432 4426 4404 3404 184 180 }   support: 0.80033  frequency: 10048768
2891th: 9 { 4436 4434 4432 4430 4428 4426 188 184 180 }   support: 0.80033  frequency: 10048768
2892th: 9 { 7092 4434 4426 4404 3404 265 260 184 180 }   support: 0.80031  frequency: 10048512
2893th: 8 { 7092 4940 4434 4432 4428 4426 4404 3404 }   support: 0.80031  frequency: 10048512
2894th: 8 { 7092 4436 4428 265 260 188 184 180 }   support: 0.80031  frequency: 10048512
2895th: 6 { 7102 4436 4426 4404 3404 170 }   support: 0.80031  frequency: 10048512
2896th: 7 { 7112 7092 4940 4436 4434 4430 4428 }   support: 0.80031  frequency: 10048512
2897th: 10 { 7112 7092 7062 4438 4436 4434 4430 4428 184 180 }   support: 0.80031  frequency: 10048512
2898th: 7 { 7112 7102 4438 4432 4430 4428 4426 }   support: 0.80031  frequency: 10048512
2899th: 8 { 7102 4438 4428 4404 3404 188 184 180 }   support: 0.80031  frequency: 10048512
2900th: 8 { 7112 7102 4438 4436 4430 4428 184 180 }   support: 0.80031  frequency: 10048512
2901th: 9 { 4434 4432 4430 4426 4404 3404 184 180 170 }   support: 0.80031  frequency: 10048512
2902th: 8 { 7112 4940 4434 4404 3404 188 184 180 }   support: 0.80031  frequency: 10048512
2903th: 7 { 7102 4430 4426 188 184 180 170 }   support: 0.80031  frequency: 10048512
2904th: 6 { 7112 7092 4436 4428 4404 3404 }   support: 0.80029  frequency: 10048256
2905th: 10 { 7092 7062 4432 4428 4426 4404 3404 188 184 180 }   support: 0.80029  frequency: 10048256
2906th: 8 { 7112 7092 4438 4436 4434 4426 188 170 }   support: 0.80029  frequency: 10048256
2907th: 8 { 7112 4438 4432 4430 265 260 184 180 }   support: 0.80029  frequency: 10048256
2908th: 6 { 7102 4436 4432 4428 265 260 }   support: 0.80029  frequency: 10048256
2909th: 8 { 7082 4438 4436 4432 4428 184 180 170 }   support: 0.80029  frequency: 10048256
2910th: 5 { 4434 4432 4430 4428 17 }   support: 0.80029  frequency: 10048256
2911th: 6 { 7092 4438 4404 3404 3403 188 }   support: 0.80029  frequency: 10048256
2912th: 9 { 7112 7102 7062 4940 4436 4434 184 180 170 }   support: 0.80029  frequency: 10048256
2913th: 8 { 7092 4438 4428 4404 3404 184 180 17 }   support: 0.80029  frequency: 10048256
2914th: 10 { 7062 4940 4438 4432 4428 4426 265 260 188 170 }   support: 0.80029  frequency: 10048256
2915th: 9 { 7112 7092 7062 4438 4436 4434 4432 4430 170 }   support: 0.80029  frequency: 10048256
2916th: 8 { 4438 4432 4430 4426 4404 3404 265 260 }   support: 0.80029  frequency: 10048256
2917th: 9 { 7102 7092 7062 4434 4428 188 184 180 170 }   support: 0.80029  frequency: 10048256
2918th: 6 { 4438 4436 4404 3404 188 17 }   support: 0.80029  frequency: 10048256
2919th: 8 { 7112 7102 4438 4432 188 184 180 170 }   support: 0.80029  frequency: 10048256
2920th: 10 { 7062 4940 4438 4434 4430 4428 265 260 184 180 }   support: 0.800269  frequency: 10048000
2921th: 9 { 7092 7062 4940 4434 4430 4428 4426 188 170 }   support: 0.800269  frequency: 10048000
2922th: 6 { 7092 4438 4426 265 260 17 }   support: 0.800269  frequency: 10048000
2923th: 8 { 7112 7062 4438 4436 4432 4430 188 170 }   support: 0.800269  frequency: 10048000
2924th: 10 { 7062 4432 4426 4404 3404 265 260 188 184 180 }   support: 0.800269  frequency: 10048000
2925th: 10 { 7062 4940 4438 4436 4432 4430 4428 188 184 180 }   support: 0.800269  frequency: 10048000
2926th: 11 { 7112 7092 7062 4940 4438 4434 4428 188 184 180 170 }   support: 0.800269  frequency: 10048000
2927th: 7 { 7102 4940 4438 4436 265 260 170 }   support: 0.800269  frequency: 10048000
2928th: 8 { 7112 7092 4438 4436 4404 3404 184 180 }   support: 0.800269  frequency: 10048000
2929th: 8 { 7112 7102 7092 4940 4438 4436 184 180 }   support: 0.800269  frequency: 10048000
2930th: 11 { 7092 7062 4438 4436 4434 4432 4428 4426 188 184 180 }   support: 0.800269  frequency: 10048000
2931th: 7 { 7082 7062 4438 188 184 180 170 }   support: 0.800269  frequency: 10048000
2932th: 8 { 7102 7092 7062 4436 4432 4430 184 180 }   support: 0.800269  frequency: 10048000
2933th: 9 { 4430 4426 4404 3404 265 260 184 180 170 }   support: 0.800269  frequency: 10048000
2934th: 7 { 7112 7102 7092 7062 4940 4438 4426 }   support: 0.800269  frequency: 10048000
2935th: 8 { 7112 7102 7092 7062 4438 4436 4428 4426 }   support: 0.800269  frequency: 10048000
2936th: 7 { 7102 7062 4430 4428 4426 188 170 }   support: 0.800269  frequency: 10048000
2937th: 10 { 7062 4434 4432 4426 4404 3404 265 260 184 180 }   support: 0.800269  frequency: 10048000
2938th: 7 { 7082 4438 4434 4432 4428 184 180 }   support: 0.800269  frequency: 10048000
2939th: 8 { 7112 7102 4940 4438 4436 4432 4428 170 }   support: 0.800269  frequency: 10048000
2940th: 9 { 7102 7092 4940 4438 4430 4428 184 180 170 }   support: 0.800249  frequency: 10047744
2941th: 7 { 7102 7092 4940 4438 4430 4426 170 }   support: 0.800249  frequency: 10047744
2942th: 7 { 7102 7092 7062 4436 4434 4432 188 }   support: 0.800249  frequency: 10047744
2943th: 10 { 7112 7092 4940 4438 4434 4430 4428 4426 184 180 }   support: 0.800249  frequency: 10047744
2944th: 8 { 7062 4436 4432 4404 3404 265 260 188 }   support: 0.800249  frequency: 10047744
2945th: 8 { 7092 4438 4432 4430 4428 4404 3404 188 }   support: 0.800249  frequency: 10047744
2946th: 9 { 7062 4940 4438 4434 4432 4430 4428 265 260 }   support: 0.800249  frequency: 10047744
2947th: 10 { 7112 7092 4438 4428 4426 4404 3404 184 180 170 }   support: 0.800249  frequency: 10047744
2948th: 4 { 7112 7082 4940 4438 }   support: 0.800249  frequency: 10047744
2949th: 8 { 7112 7092 4940 4436 4434 4432 4426 170 }   support: 0.800249  frequency: 10047744
2950th: 4 { 7112 7092 7082 4438 }   support: 0.800249  frequency: 10047744
2951th: 11 { 7092 7062 4438 4434 4432 4428 4426 4404 3404 184 180 }   support: 0.800249  frequency: 10047744
2952th: 11 { 7092 7062 4438 4434 4432 4430 4428 4426 188 184 180 }   support: 0.800249  frequency: 10047744
2953th: 8 { 7062 4940 4432 4430 4426 265 260 170 }   support: 0.800249  frequency: 10047744
2954th: 9 { 7062 4940 4438 4436 4434 4428 4426 265 260 }   support: 0.800228  frequency: 10047488
2955th: 10 { 7062 4438 4436 4430 4428 4404 3404 184 180 170 }   support: 0.800228  frequency: 10047488
2956th: 9 { 4940 4438 4434 4432 4430 4428 4404 3404 170 }   support: 0.800228  frequency: 10047488
2957th: 8 { 4438 4436 4432 4428 4426 265 260 188 }   support: 0.800228  frequency: 10047488
2958th: 3 { 7112 4430 17 }   support: 0.800228  frequency: 10047488
2959th: 8 { 7092 4940 4432 4428 265 260 188 170 }   support: 0.800228  frequency: 10047488
2960th: 8 { 7102 7092 4436 4432 4430 184 180 170 }   support: 0.800228  frequency: 10047488
2961th: 6 { 4436 4434 4430 4404 3404 188 }   support: 0.800228  frequency: 10047488
2962th: 10 { 7062 4940 4430 4428 4426 4404 3404 184 180 170 }   support: 0.800228  frequency: 10047488
2963th: 7 { 7112 4438 4436 4434 4426 265 260 }   support: 0.800228  frequency: 10047488
2964th: 7 { 7112 7092 4940 4436 4434 4430 170 }   support: 0.800228  frequency: 10047488
2965th: 8 { 7112 4436 4432 265 260 184 180 170 }   support: 0.800228  frequency: 10047488
2966th: 8 { 4940 4438 4436 4432 4404 3404 265 260 }   support: 0.800228  frequency: 10047488
2967th: 9 { 7062 4432 4430 4428 4404 3404 265 260 170 }   support: 0.800228  frequency: 10047488
2968th: 7 { 7112 7092 4940 4432 265 260 170 }   support: 0.800228  frequency: 10047488
2969th: 10 { 7112 7062 4438 4436 4434 4432 4430 4426 184 180 }   support: 0.800228  frequency: 10047488
2970th: 8 { 4940 4432 4430 4426 265 260 184 180 }   support: 0.800228  frequency: 10047488
2971th: 9 { 7092 4940 4438 4436 4430 188 184 180 170 }   support: 0.800228  frequency: 10047488
2972th: 6 { 4438 4436 4434 4428 4426 17 }   support: 0.800228  frequency: 10047488
2973th: 6 { 4940 4438 4436 4434 170 17 }   support: 0.800228  frequency: 10047488
2974th: 7 { 7112 7102 7092 4438 4434 4432 4426 }   support: 0.800228  frequency: 10047488
2975th: 8 { 7062 4940 4438 4436 4432 265 260 188 }   support: 0.800208  frequency: 10047232
2976th: 8 { 7112 7092 4438 4428 265 260 188 170 }   support: 0.800208  frequency: 10047232
2977th: 8 { 7112 7092 4940 4438 4434 4432 4426 188 }   support: 0.800208  frequency: 10047232
2978th: 8 { 7092 7062 4940 4438 4426 184 180 17 }   support: 0.800208  frequency: 10047232
2979th: 4 { 7112 4436 170 17 }   support: 0.800208  frequency: 10047232
2980th: 9 { 4434 4432 4430 4426 265 260 184 180 170 }   support: 0.800208  frequency: 10047232
2981th: 9 { 7112 7102 7062 4436 4434 4428 4426 184 180 }   support: 0.800208  frequency: 10047232
2982th: 10 { 7092 4438 4432 4426 265 260 188 184 180 170 }   support: 0.800208  frequency: 10047232
2983th: 9 { 7102 4438 4434 4428 4404 3404 184 180 170 }   support: 0.800208  frequency: 10047232
2984th: 9 { 7092 4940 4436 4432 4428 4426 188 184 180 }   support: 0.800208  frequency: 10047232
2985th: 8 { 7112 7092 7062 4940 4436 4430 4428 170 }   support: 0.800208  frequency: 10047232
2986th: 10 { 7092 7062 4940 4434 4426 4404 3404 184 180 170 }   support: 0.800208  frequency: 10047232
2987th: 6 { 7092 4426 4404 3404 170 17 }   support: 0.800208  frequency: 10047232
2988th: 8 { 4940 4436 4434 265 260 188 184 180 }   support: 0.800208  frequency: 10047232
2989th: 9 { 7112 4940 4434 4428 265 260 184 180 170 }   support: 0.800208  frequency: 10047232
2990th: 7 { 4438 4434 4426 4404 3404 170 17 }   support: 0.800208  frequency: 10047232
2991th: 7 { 7112 7092 4434 4426 265 260 170 }   support: 0.800188  frequency: 10046976
2992th: 9 { 7102 7092 7062 4438 4436 4434 4430 4428 170 }   support: 0.800188  frequency: 10046976
2993th: 7 { 7062 4940 4432 4428 4426 170 17 }   support: 0.800188  frequency: 10046976
2994th: 7 { 7102 7092 4940 4438 4436 4434 188 }   support: 0.800188  frequency: 10046976
2995th: 6 { 7102 7062 4438 4430 265 260 }   support: 0.800188  frequency: 10046976
2996th: 10 { 7112 7062 4438 4434 265 260 188 184 180 170 }   support: 0.800188  frequency: 10046976
2997th: 7 { 7112 4940 4438 4436 4434 4404 3404 }   support: 0.800188  frequency: 10046976
2998th: 8 { 7102 4428 4426 265 260 184 180 170 }   support: 0.800188  frequency: 10046976
2999th: 6 { 7102 7092 7062 4434 4404 3404 }   support: 0.800167  frequency: 10046720
3000th: 5 { 7112 7102 265 260 170 }   support: 0.800167  frequency: 10046720
3001th: 8 { 7112 7092 4438 4436 4434 4428 4426 188 }   support: 0.800167  frequency: 10046720
3002th: 9 { 4940 4438 4430 4404 3404 265 260 184 180 }   support: 0.800167  frequency: 10046720
3003th: 6 { 7092 4940 4404 3404 170 17 }   support: 0.800167  frequency: 10046720
3004th: 7 { 7082 4438 4436 4434 4428 4426 170 }   support: 0.800167  frequency: 10046720
3005th: 9 { 7092 4940 4432 4404 3404 265 260 184 180 }   support: 0.800167  frequency: 10046720
3006th: 6 { 7092 4434 4430 265 260 188 }   support: 0.800167  frequency: 10046720
3007th: 10 { 7112 7102 4438 4436 4434 4428 4426 184 180 170 }   support: 0.800167  frequency: 10046720
3008th: 10 { 7092 7062 4438 4430 4428 4426 4404 3404 184 180 }   support: 0.800167  frequency: 10046720
3009th: 10 { 7062 4940 4432 4430 4428 4404 3404 184 180 170 }   support: 0.800167  frequency: 10046720
3010th: 7 { 7102 4438 4432 4426 265 260 170 }   support: 0.800167  frequency: 10046720
3011th: 8 { 7092 4940 4438 4432 184 180 170 17 }   support: 0.800167  frequency: 10046720
3012th: 8 { 7102 7092 7062 4940 4438 4434 4430 4428 }   support: 0.800167  frequency: 10046720
3013th: 6 { 7112 7102 4436 4430 4428 4426 }   support: 0.800167  frequency: 10046720
3014th: 7 { 7112 7062 4434 4430 265 260 170 }   support: 0.800167  frequency: 10046720
3015th: 7 { 4434 4430 4426 265 260 188 170 }   support: 0.800167  frequency: 10046720
3016th: 8 { 7102 7092 7062 4940 4430 4428 184 180 }   support: 0.800167  frequency: 10046720
3017th: 10 { 7062 4940 4438 4436 4432 4428 4404 3404 184 180 }   support: 0.800167  frequency: 10046720
3018th: 9 { 4940 4434 4432 4428 4426 4404 3404 188 170 }   support: 0.800167  frequency: 10046720
3019th: 8 { 4940 4436 4428 4426 4404 3404 188 170 }   support: 0.800167  frequency: 10046720
3020th: 11 { 7062 4940 4434 4432 4428 4426 4404 3404 184 180 170 }   support: 0.800147  frequency: 10046464
3021th: 10 { 7102 7062 4940 4438 4434 4432 4430 184 180 170 }   support: 0.800147  frequency: 10046464
3022th: 7 { 4438 4426 4404 3404 265 260 17 }   support: 0.800147  frequency: 10046464
3023th: 7 { 7092 4438 4436 4430 4428 265 260 }   support: 0.800147  frequency: 10046464
3024th: 9 { 4940 4438 4436 4428 4404 3404 265 260 170 }   support: 0.800147  frequency: 10046464
3025th: 5 { 4436 4434 4428 188 17 }   support: 0.800147  frequency: 10046464
3026th: 5 { 4434 4430 4428 4426 17 }   support: 0.800147  frequency: 10046464
3027th: 6 { 7102 7062 4436 4426 4404 3404 }   support: 0.800147  frequency: 10046464
3028th: 8 { 7112 4438 4434 4404 3404 265 260 188 }   support: 0.800147  frequency: 10046464
3029th: 6 { 7102 4940 4430 4428 188 170 }   support: 0.800147  frequency: 10046464
3030th: 5 { 7092 7082 4434 4428 170 }   support: 0.800147  frequency: 10046464
3031th: 11 { 7092 7062 4438 4434 4428 4404 3404 265 260 184 180 }   support: 0.800147  frequency: 10046464
3032th: 10 { 7112 7102 4438 4436 4434 4432 4428 184 180 170 }   support: 0.800147  frequency: 10046464
3033th: 9 { 4940 4438 4430 4428 265 260 188 184 180 }   support: 0.800147  frequency: 10046464
3034th: 6 { 7092 4438 4432 4426 188 17 }   support: 0.800147  frequency: 10046464
3035th: 10 { 7092 7062 4940 4438 4432 4430 4426 188 184 180 }   support: 0.800147  frequency: 10046464
3036th: 8 { 7112 7062 4940 4438 4432 4426 4404 3404 }   support: 0.800147  frequency: 10046464
3037th: 8 { 7112 7092 7062 4940 4438 4404 3404 188 }   support: 0.800147  frequency: 10046464
3038th: 7 { 7102 7092 4438 4436 4434 4426 188 }   support: 0.800147  frequency: 10046464
3039th: 8 { 7112 7102 7092 4438 4436 4434 4432 170 }   support: 0.800147  frequency: 10046464
3040th: 8 { 7102 7092 4438 4436 4430 4426 184 180 }   support: 0.800147  frequency: 10046464
3041th: 6 { 7112 7102 4940 4436 4432 4426 }   support: 0.800147  frequency: 10046464
3042th: 8 { 7112 4940 4438 4434 4432 4428 4404 3404 }   support: 0.800147  frequency: 10046464
3043th: 6 { 7092 4940 4436 4430 4426 188 }   support: 0.800126  frequency: 10046208
3044th: 8 { 7092 4940 4434 4426 4404 3404 188 170 }   support: 0.800126  frequency: 10046208
3045th: 9 { 7062 4430 4404 3404 265 260 188 184 180 }   support: 0.800126  frequency: 10046208
3046th: 6 { 7112 7102 4432 4428 188 170 }   support: 0.800126  frequency: 10046208
3047th: 10 { 7092 7062 4438 4430 4428 4426 265 260 184 180 }   support: 0.800126  frequency: 10046208
3048th: 8 { 7092 7062 4940 4438 4436 4426 4404 3404 }   support: 0.800126  frequency: 10046208
3049th: 8 { 7102 7092 7062 4438 4404 3404 184 180 }   support: 0.800126  frequency: 10046208
3050th: 8 { 7102 7062 4940 4436 4432 4430 4428 170 }   support: 0.800126  frequency: 10046208
3051th: 7 { 7062 4940 4434 4428 4426 170 17 }   support: 0.800126  frequency: 10046208
3052th: 10 { 7062 4940 4436 4428 4426 4404 3404 184 180 170 }   support: 0.800126  frequency: 10046208
3053th: 5 { 7112 4404 3404 170 17 }   support: 0.800126  frequency: 10046208
3054th: 10 { 7112 7062 4940 4438 4436 4430 4426 184 180 170 }   support: 0.800126  frequency: 10046208
3055th: 10 { 4438 4436 4428 4426 4404 3404 265 260 184 180 }   support: 0.800126  frequency: 10046208
3056th: 8 { 7112 7092 7062 4438 4436 265 260 170 }   support: 0.800126  frequency: 10046208
3057th: 8 { 7112 7092 4436 4432 4428 188 184 180 }   support: 0.800126  frequency: 10046208
3058th: 10 { 7092 4940 4434 4428 4426 4404 3404 184 180 170 }   support: 0.800126  frequency: 10046208
3059th: 10 { 7112 7092 7062 4438 4426 4404 3404 184 180 170 }   support: 0.800106  frequency: 10045952
3060th: 8 { 7112 4438 4430 4428 4426 265 260 170 }   support: 0.800106  frequency: 10045952
3061th: 9 { 7112 7092 7062 4436 4430 4428 4426 184 180 }   support: 0.800106  frequency: 10045952
3062th: 9 { 7112 7092 4940 4438 4436 4434 4432 4428 4426 }   support: 0.800106  frequency: 10045952
3063th: 4 { 7102 7082 4438 188 }   support: 0.800106  frequency: 10045952
3064th: 10 { 7112 7092 7062 4438 4432 265 260 184 180 170 }   support: 0.800106  frequency: 10045952
3065th: 8 { 7112 7102 7062 4438 4430 4428 4426 170 }   support: 0.800106  frequency: 10045952
3066th: 10 { 7062 4940 4438 4436 4432 4428 265 260 184 180 }   support: 0.800106  frequency: 10045952
3067th: 6 { 7102 4940 4432 265 260 170 }   support: 0.800106  frequency: 10045952
3068th: 10 { 7062 4940 4432 4404 3404 265 260 188 184 180 }   support: 0.800106  frequency: 10045952
3069th: 9 { 7112 4940 4434 4428 4404 3404 184 180 170 }   support: 0.800106  frequency: 10045952
3070th: 9 { 4434 4430 4428 265 260 188 184 180 170 }   support: 0.800106  frequency: 10045952
3071th: 11 { 7062 4940 4438 4434 4404 3404 265 260 188 184 180 }   support: 0.800106  frequency: 10045952
3072th: 10 { 7062 4434 4428 4426 4404 3404 265 260 188 170 }   support: 0.800106  frequency: 10045952
3073th: 10 { 7102 4438 4436 4432 4430 4428 4426 184 180 170 }   support: 0.800106  frequency: 10045952
3074th: 9 { 7112 7062 4434 4428 4404 3404 188 184 180 }   support: 0.800106  frequency: 10045952
3075th: 8 { 7112 7102 7092 4438 4436 4426 184 180 }   support: 0.800106  frequency: 10045952
3076th: 8 { 7092 4940 4434 4428 4404 3404 265 260 }   support: 0.800106  frequency: 10045952
3077th: 5 { 7062 4432 4430 4426 17 }   support: 0.800106  frequency: 10045952
3078th: 9 { 7102 4438 4436 4432 4428 4426 188 184 180 }   support: 0.800106  frequency: 10045952
3079th: 9 { 7112 7092 4940 4438 4434 4432 4430 4428 4426 }   support: 0.800106  frequency: 10045952
3080th: 8 { 7112 7102 4940 4438 4432 4428 4426 170 }   support: 0.800086  frequency: 10045696
3081th: 11 { 7092 7062 4438 4434 4432 4428 4426 265 260 184 180 }   support: 0.800086  frequency: 10045696
3082th: 6 { 7092 4438 4436 188 170 17 }   support: 0.800086  frequency: 10045696
3083th: 10 { 7112 7092 4940 4438 4434 4426 188 184 180 170 }   support: 0.800086  frequency: 10045696
3084th: 8 { 7112 4438 4434 4432 4404 3404 265 260 }   support: 0.800086  frequency: 10045696
3085th: 7 { 7062 4438 4436 4430 265 260 188 }   support: 0.800086  frequency: 10045696
3086th: 10 { 7102 7062 4438 4436 4432 4430 4428 4426 184 180 }   support: 0.800086  frequency: 10045696
3087th: 10 { 7062 4438 4436 4428 4426 4404 3404 265 260 170 }   support: 0.800086  frequency: 10045696
3088th: 6 { 7102 4438 4430 265 260 170 }   support: 0.800086  frequency: 10045696
3089th: 6 { 7102 4434 4404 3404 265 260 }   support: 0.800086  frequency: 10045696
3090th: 8 { 7112 7092 7062 4940 4438 4434 265 260 }   support: 0.800086  frequency: 10045696
3091th: 7 { 7112 7102 7092 7062 4436 4432 4428 }   support: 0.800086  frequency: 10045696
3092th: 6 { 7102 4434 4428 4404 3404 188 }   support: 0.800086  frequency: 10045696
3093th: 7 { 7092 7062 4438 4434 4432 4428 17 }   support: 0.800086  frequency: 10045696
3094th: 5 { 7112 7082 4438 4434 170 }   support: 0.800086  frequency: 10045696
3095th: 8 { 7112 7092 7062 4432 4428 265 260 170 }   support: 0.800086  frequency: 10045696
3096th: 11 { 7092 4438 4434 4432 4428 4404 3404 188 184 180 170 }   support: 0.800086  frequency: 10045696
3097th: 10 { 7102 4438 4436 4434 4428 4426 188 184 180 170 }   support: 0.800086  frequency: 10045696
3098th: 7 { 7102 4438 4436 4434 4430 4428 188 }   support: 0.800086  frequency: 10045696
3099th: 7 { 7112 4436 4430 4428 4426 188 170 }   support: 0.800065  frequency: 10045440
3100th: 8 { 7102 7092 7062 4438 4436 4430 4426 170 }   support: 0.800065  frequency: 10045440
3101th: 7 { 7112 7092 4940 4428 4426 265 260 }   support: 0.800065  frequency: 10045440
3102th: 6 { 7092 7082 7062 4438 4428 4426 }   support: 0.800065  frequency: 10045440
3103th: 6 { 4438 4432 4430 188 170 17 }   support: 0.800065  frequency: 10045440
3104th: 10 { 7062 4438 4436 4434 4428 265 260 188 184 180 }   support: 0.800065  frequency: 10045440
3105th: 8 { 7102 7062 4426 265 260 184 180 170 }   support: 0.800065  frequency: 10045440
3106th: 8 { 7112 7062 4438 4432 4430 4404 3404 170 }   support: 0.800065  frequency: 10045440
3107th: 7 { 7082 4438 4436 4434 4432 4428 170 }   support: 0.800065  frequency: 10045440
3108th: 8 { 7092 4940 4434 4432 4428 4426 265 260 }   support: 0.800065  frequency: 10045440
3109th: 8 { 4438 4436 4430 4426 265 260 184 180 }   support: 0.800065  frequency: 10045440
3110th: 9 { 4940 4438 4434 4432 4430 4428 265 260 170 }   support: 0.800065  frequency: 10045440
3111th: 8 { 4940 4436 4434 4432 4430 4428 188 170 }   support: 0.800065  frequency: 10045440
3112th: 10 { 7112 7092 7062 4940 4438 4436 188 184 180 170 }   support: 0.800045  frequency: 10045184
3113th: 10 { 7092 4438 4436 4434 4404 3404 188 184 180 170 }   support: 0.800045  frequency: 10045184
3114th: 10 { 7092 4940 4438 4434 4430 4428 4426 188 184 180 }   support: 0.800045  frequency: 10045184
3115th: 10 { 7112 4438 4436 4434 4432 4430 4426 184 180 170 }   support: 0.800045  frequency: 10045184
3116th: 6 { 7092 4430 4426 265 260 188 }   support: 0.800045  frequency: 10045184
3117th: 5 { 7082 7062 4940 4428 4426 }   support: 0.800045  frequency: 10045184
3118th: 8 { 7092 7062 4940 4434 4432 4426 4404 3404 }   support: 0.800045  frequency: 10045184
3119th: 6 { 7102 7092 4940 4434 4432 188 }   support: 0.800045  frequency: 10045184
3120th: 8 { 7112 7092 4436 4434 4432 188 184 180 }   support: 0.800045  frequency: 10045184
3121th: 8 { 7092 4438 4404 3404 3403 184 180 170 }   support: 0.800024  frequency: 10044928
3122th: 6 { 7102 4940 4438 4432 4430 188 }   support: 0.800024  frequency: 10044928
3123th: 11 { 7102 7062 4438 4436 4434 4432 4430 4428 184 180 170 }   support: 0.800024  frequency: 10044928
3124th: 6 { 7102 7092 4940 4438 265 260 }   support: 0.800024  frequency: 10044928
3125th: 10 { 7062 4438 4436 4434 4428 4404 3404 265 260 170 }   support: 0.800024  frequency: 10044928
3126th: 10 { 7062 4940 4436 4428 4426 265 260 184 180 170 }   support: 0.800024  frequency: 10044928
3127th: 7 { 7112 7102 7062 4438 4432 4428 188 }   support: 0.800024  frequency: 10044928
3128th: 7 { 7102 7092 4434 4432 4430 4428 4426 }   support: 0.800024  frequency: 10044928
3129th: 6 { 4434 4404 3404 3403 188 170 }   support: 0.800024  frequency: 10044928
3130th: 11 { 7112 7062 4438 4436 4434 4428 4426 188 184 180 170 }   support: 0.800024  frequency: 10044928
3131th: 7 { 4434 4432 4430 4426 4404 3404 188 }   support: 0.800024  frequency: 10044928
3132th: 10 { 7062 4940 4432 4430 4428 265 260 184 180 170 }   support: 0.800024  frequency: 10044928
3133th: 8 { 7062 4438 4430 188 184 180 170 17 }   support: 0.800004  frequency: 10044672
3134th: 10 { 7092 7062 4438 4432 4430 4428 265 260 184 180 }   support: 0.800004  frequency: 10044672
3135th: 7 { 7102 7062 4438 4432 4426 265 260 }   support: 0.800004  frequency: 10044672
3136th: 9 { 7062 4436 4428 4404 3404 265 260 188 170 }   support: 0.800004  frequency: 10044672
3137th: 10 { 7102 7092 7062 4940 4436 4434 4428 184 180 170 }   support: 0.800004  frequency: 10044672
3138th: 8 { 7112 7092 4438 4436 4432 4430 4426 170 }   support: 0.800004  frequency: 10044672
3139th: 8 { 7092 4940 4434 4432 4430 4428 4426 188 }   support: 0.800004  frequency: 10044672
3140th: 8 { 7112 4940 4438 4436 4432 4426 188 170 }   support: 0.800004  frequency: 10044672
3141th: 8 { 7102 7062 4940 4438 4436 4432 4428 188 }   support: 0.800004  frequency: 10044672
3142th: 6 { 7102 7092 4436 4432 4430 4426 }   support: 0.800004  frequency: 10044672
3143th: 9 { 7092 4436 4434 4430 4428 188 184 180 170 }   support: 0.800004  frequency: 10044672
3144th: 9 { 7102 7092 4438 4436 4434 4430 4428 184 180 }   support: 0.800004  frequency: 10044672
3145th: 6 { 7112 7092 4430 265 260 170 }   support: 0.800004  frequency: 10044672
==================================================================
